StudID,CourseCode,CourseNum,Section,Year,Semester,Elective,Grade
219,CENG,191,,2011,1,M,CC
219,CENG,241,,2011,1,M,FF
219,ENG,305,,2011,1,M,NA
219,ESR,101,,2011,1,M,NA
219,PES,250,,2011,1,E,AA
219,ENG,405,,2011,1,M,NA
219,CENG,375,,2011,1,M,FD
219,CENG,222,,2011,3,M,FF
219,CENG,272,,2011,3,M,FF
219,CENG,292,,2011,3,M,NA
219,ENG,306,,2011,3,M,NA
219,CENG,310,,2011,3,M,FF
219,ENG,406,,2011,3,M,NA
219,CENG,222,,2011,5,M,BB
219,MCS,156,,2011,5,M,FF
219,ENG,406,,2011,5,M,AA
219,CENG,300,,2011,5,M,S
219,ACS,105,,2012,0,M,S
219,ACS,106,,2012,0,M,S
219,CENG,462,,2012,1,E,DD
219,CENG,466,,2012,1,E,CB
219,ESR,101,,2012,1,M,AA
219,CENG,375,,2012,1,M,FF
219,CEC,301,,2012,1,E,AA
219,RPW,305,,2012,1,M,BB
219,RTW,405,,2012,1,M,BB
219,CENG,272,,2012,3,M,DD
219,CENG,394,,2012,3,E,DC
219,CENG,310,,2012,3,M,DD
219,CENG,408,,2012,3,M,AA
219,CENG,292,,2012,3,M,BB
219,RPW,306,,2012,3,M,AA
219,MCS,156,,2012,5,M,CC
219,CENG,375,,2012,95,M,BB
219,CENG,241,,2012,95,M,DD
296,CENG,331,,2010,1,M,DD
296,CENG,351,,2010,1,M,AA
296,CENG,353,,2010,1,M,BB
296,CENG,375,,2010,1,M,DC
296,CENG,407,,2010,1,M,AA
296,CENG,487,,2010,1,M,BB
296,ENG,401,,2010,1,M,BB
296,CENG,272,,2010,3,M,DD
296,CENG,328,,2010,3,M,BA
296,CENG,334,,2010,3,M,BB
296,CENG,356,,2010,3,M,BA
296,CENG,408,,2010,3,M,AA
296,CENG,442,,2010,3,M,BA
296,MAN,432,,2010,3,M,AA
296,CENG,300,,2010,5,M,S
296,CENG,491,,2010,5,M,CB
296,LAW,101,,2010,5,E,DD
296,CENG,460,,2011,1,E,AA
296,CENG,468,,2011,1,E,AA
296,ECE,281,,2011,1,M,DD
296,ESR,101,,2011,1,E,BB
296,PES,235,,2011,1,E,FD
296,PES,334,,2011,1,E,AA
296,CEC,301,,2011,1,E,BA
296,MCS,258,,2011,91,M,BB
296,PES,235,,2011,91,E,AA
473,CENG,198,,2010,0,E,S
473,INAR,281,,2010,0,E,S
473,CENG,351,,2010,91,M,CC
473,CENG,356,,2010,91,M,BA
473,CENG,334,,2010,93,M,AA
498,CENG,353,,2010,1,M,DD
498,CENG,487,,2010,1,M,FF
498,CENG,491,,2010,1,M,FF
498,ENG,401,,2010,1,M,FF
498,CENG,442,,2010,3,M,DD
498,CENG,487,,2010,93,M,DC
498,CENG,491,,2010,93,M,DD
498,ENG,401,,2010,93,M,BB
498,CENG,334,,2010,95,M,CC
498,CENG,356,,2010,95,M,BA
512,CENG,331,,2010,1,M,DD
512,CENG,351,,2010,1,M,BB
512,CENG,353,,2010,1,M,DC
512,CENG,375,,2010,1,M,CC
512,CENG,468,,2010,1,E,AA
512,ENG,401,,2010,1,M,DD
512,MCS,205,,2010,1,M,CB
512,CENG,328,,2010,3,M,DD
512,CENG,334,,2010,3,M,DD
512,CENG,344,,2010,3,M,DD
512,CENG,356,,2010,3,M,CC
512,CENG,442,,2010,3,M,DD
512,MAN,432,,2010,3,M,CC
512,MCS,258,,2010,3,M,DD
512,CENG,114,,2010,5,M,BB
512,CENG,300,,2010,5,M,S
512,CENG,491,,2010,5,M,DC
512,LAW,101,,2010,5,E,FD
512,CENG,407,,2011,1,M,BA
512,CENG,408,,2011,1,M,CB
512,CENG,460,,2011,1,E,BA
512,CENG,487,,2011,1,M,DC
512,ESR,101,,2011,1,E,BB
512,CEC,301,,2011,1,E,BA
611,ALM,101,,2010,1,E,CC
611,CENG,351,,2010,1,M,BB
611,CENG,353,,2010,1,M,CB
611,CENG,375,,2010,1,M,CB
611,CENG,407,,2010,1,M,AA
611,CENG,471,,2010,1,E,AA
611,CENG,487,,2010,1,M,BB
611,ENG,401,,2010,1,M,BB
611,CENG,328,,2010,3,M,BB
611,CENG,334,,2010,3,M,BB
611,CENG,356,,2010,3,M,AA
611,CENG,408,,2010,3,M,BA
611,CENG,442,,2010,3,M,BB
611,CENG,466,,2010,3,E,AA
611,MAN,432,,2010,3,M,BA
611,SPAN,101,,2010,3,E,BB
611,CENG,300,,2010,5,M,S
611,CENG,491,,2010,5,M,DC
611,MAN,423,,2010,5,E,CB
611,MCS,258,,2010,5,M,DC
611,CENG,460,,2011,1,E,AA
611,CENG,241,,2011,91,M,DD
611,CENG,272,,2011,91,M,DD
621,CENG,375,,2010,1,M,DD
621,CENG,491,,2010,1,M,FD
621,MCS,205,,2010,1,M,FF
621,MCS,245,,2010,1,E,FD
621,CENG,218,,2010,3,M,FF
621,CENG,328,,2010,3,M,FF
621,MCS,258,,2010,3,M,FF
621,CENG,218,,2010,5,M,CB
621,CENG,491,,2010,5,M,CB
621,MCS,205,,2010,5,M,DD
621,CENG,328,,2010,95,M,DD
621,MCS,258,,2010,95,M,CC
625,CENG,408,,2010,1,M,CC
625,CENG,468,,2010,1,E,AA
625,CENG,487,,2010,1,M,FF
625,CENG,491,,2010,1,M,DC
625,ENG,401,,2010,1,M,DD
625,PES,225,,2010,1,E,BA
625,CENG,442,,2010,3,M,FF
625,CENG,460,,2010,3,E,BA
625,CENG,466,,2010,3,E,AA
625,CENG,375,,2010,5,M,CC
625,CENG,442,,2010,5,M,BB
625,CENG,487,,2010,95,M,DD
636,CENG,351,,2010,1,M,CB
636,CENG,375,,2010,1,M,CC
636,CENG,407,,2010,1,M,BA
636,CENG,471,,2010,1,E,AA
636,CENG,487,,2010,1,M,CC
636,CENG,491,,2010,1,M,FF
636,ENG,401,,2010,1,M,CC
636,CENG,408,,2010,3,M,AA
636,CENG,442,,2010,3,M,CC
636,CENG,460,,2010,3,E,AA
636,CENG,466,,2010,3,E,AA
636,MAN,432,,2010,3,M,BB
636,PES,248,,2010,3,E,AA
636,PES,334,,2010,3,E,AA
636,PSY,208,,2010,3,E,BA
636,CENG,491,,2010,93,M,DC
655,CENG,408,,2010,1,M,AA
655,CENG,491,,2010,1,M,FD
655,MCS,205,,2010,1,M,FF
655,PES,246,,2010,1,E,AA
655,PSY,208,,2010,1,E,AA
655,RUS,101,,2010,1,E,AA
655,THEA,270,,2010,1,E,AA
655,CENG,328,,2010,3,M,CC
655,CENG,442,,2010,3,M,FF
655,CENG,466,,2010,3,E,AA
655,MAN,432,,2010,3,M,BA
655,MCS,258,,2010,3,M,FF
655,RUS,102,,2010,3,E,AA
655,CENG,491,,2010,5,M,CC
655,MCS,205,,2010,5,M,DD
655,MCS,258,,2010,5,M,FF
655,CENG,442,,2010,95,M,CC
655,MCS,258,,2010,95,M,DD
659,CENG,487,,2010,1,M,BA
659,CENG,491,,2010,1,M,BB
659,PES,250,,2010,1,E,AA
660,CENG,353,,2010,2,M,DC
660,ENG,205,,2010,2,M,FF
660,MCS,205,,2010,2,M,FF
660,CENG,272,,2010,3,M,FD
660,CENG,334,,2010,3,M,FF
660,CENG,356,,2010,3,M,FD
660,PES,334,,2010,3,E,BB
660,SPAN,101,,2010,3,E,DD
660,CENG,218,,2010,5,M,DC
660,CENG,375,,2010,5,M,FD
660,MCS,205,,2010,5,M,FD
660,CENG,407,,2011,1,M,NA
660,CENG,491,,2011,1,M,FF
660,CENG,331,,2011,1,M,FD
660,CENG,351,,2011,1,M,DD
660,CENG,375,,2011,1,M,FD
660,CENG,272,,2011,3,M,CB
660,CENG,394,,2011,3,E,DD
660,CENG,466,,2011,3,E,AA
660,CENG,334,,2011,3,M,FF
660,CENG,356,,2011,3,M,DD
660,CENG,442,,2011,5,M,CC
660,CENG,491,,2011,5,M,DC
660,CENG,331,,2011,5,M,BA
660,CENG,375,,2012,1,M,DC
660,CENG,241,,2012,1,M,DD
660,CENG,407,,2012,1,M,BB
660,CENG,487,,2012,1,M,DC
660,ACS,205,,2012,1,M,DC
660,RTW,405,,2012,1,M,CC
660,CENG,328,,2012,3,M,FF
660,ESR,101,,2012,3,E,AA
660,CENG,408,,2012,3,M,BA
660,MAN,432,,2012,3,M,DC
660,CENG,344,,2012,3,M,CC
660,CEC,208,,2012,3,E,BB
660,CENG,328,,2012,5,M,CC
660,CENG,334,,2012,5,M,CB
660,CENG,300,,2012,5,M,S
660,MCS,205,,2012,95,M,DD
662,CENG,300,,2010,5,M,S
662,CENG,328,,2010,91,M,DD
664,CENG,272,,2010,1,M,BA
664,CENG,334,,2010,1,M,CC
664,CENG,351,,2010,1,M,CB
664,CENG,375,,2010,1,M,DD
664,CENG,491,,2010,1,M,DC
664,MCS,155,,2010,1,M,CC
664,SPAN,102,,2010,1,E,AA
664,CENG,328,,2010,91,M,BB
664,CENG,442,,2010,91,M,DC
668,CENG,241,,2010,1,M,DD
668,CENG,351,,2010,1,M,CC
668,CENG,460,,2010,1,E,AA
668,ECE,281,,2010,1,M,DD
668,MCS,205,,2010,1,M,DC
668,CENG,328,,2010,3,M,CC
668,CENG,334,,2010,3,M,CC
668,CENG,407,,2010,3,M,AA
668,CENG,466,,2010,3,E,AA
668,MAN,432,,2010,3,M,CB
668,MCS,258,,2010,3,M,FF
668,CENG,218,,2010,5,M,BB
668,CENG,491,,2010,5,M,FD
668,ALM,101,,2011,1,E,CB
668,CENG,329,,2011,1,M,DD
668,CENG,408,,2011,1,M,BB
668,CENG,487,,2011,1,M,DD
668,ENG,405,,2011,1,M,DC
668,CENG,331,,2011,1,M,DC
668,CENG,375,,2011,1,M,DD
668,CENG,353,,2011,1,M,CC
668,CENG,394,,2011,3,E,AA
668,CENG,442,,2011,3,M,DD
668,MAN,214,,2011,3,E,AA
668,CENG,344,,2011,3,M,CC
668,CENG,491,,2011,93,M,DD
668,MCS,258,,2011,93,M,DD
669,CENG,375,,2010,1,M,DD
669,CENG,407,,2010,1,M,BA
669,CENG,435,,2010,1,E,CC
669,CENG,487,,2010,1,M,CC
669,ENG,401,,2010,1,M,DC
669,ESR,101,,2010,1,E,BB
669,HIST,201,,2010,1,M,BB
669,CENG,334,,2010,3,M,DD
669,CENG,408,,2010,3,M,AA
669,CENG,442,,2010,3,M,FF
669,CENG,460,,2010,3,E,BA
669,CENG,466,,2010,3,E,AA
669,HIST,202,,2010,3,M,AA
669,MAN,432,,2010,3,M,CB
669,SPAN,101,,2010,3,E,CB
669,CENG,218,,2010,5,M,CC
669,CENG,300,,2010,5,M,S
669,CENG,442,,2010,5,M,CB
669,CENG,491,,2010,5,M,CB
669,ECE,281,,2011,1,M,DC
669,MCS,205,,2011,1,M,DC
669,CENG,328,,2011,91,M,DD
671,ALM,101,,2010,1,E,CB
671,CENG,375,,2010,1,M,FD
671,CENG,407,,2010,1,M,AA
671,CENG,468,,2010,1,E,AA
671,CENG,487,,2010,1,M,DC
671,ENG,401,,2010,1,M,CB
671,CENG,272,,2010,3,M,DC
671,CENG,328,,2010,3,M,DD
671,CENG,408,,2010,3,M,BA
671,CENG,442,,2010,3,M,FF
671,CENG,460,,2010,3,E,AA
671,CENG,466,,2010,3,E,AA
671,SPAN,101,,2010,3,E,DD
671,THEA,270,,2010,3,E,BB
671,CENG,300,,2010,5,M,U
671,CENG,491,,2010,5,M,FD
671,MCS,205,,2010,5,M,FD
671,MCS,258,,2010,5,M,FF
671,CENG,491,,2011,1,M,DC
671,MCS,205,,2011,1,M,DD
671,CENG,375,,2011,1,M,DD
671,CENG,300,,2011,3,M,S
671,CENG,442,,2011,91,M,BB
671,MCS,258,,2011,91,M,CB
676,CENG,353,,2010,1,M,CC
676,CENG,375,,2010,1,M,DD
676,CENG,407,,2010,1,M,BB
676,CENG,487,,2010,1,M,DD
676,CENG,491,,2010,1,M,DD
676,ECE,281,,2010,1,M,DC
676,ENG,401,,2010,1,M,DC
676,SPAN,101,,2010,1,E,AA
676,CENG,328,,2010,3,M,DD
676,CENG,334,,2010,3,M,DD
676,CENG,344,,2010,3,M,FF
676,CENG,408,,2010,3,M,BB
676,CENG,442,,2010,3,M,FF
676,CENG,460,,2010,3,E,BA
676,CENG,466,,2010,3,E,BA
676,MAN,432,,2010,3,M,CC
676,CENG,218,,2010,5,M,CC
676,CENG,300,,2010,5,M,S
676,CENG,442,,2010,5,M,CB
676,CENG,344,,2010,95,M,DD
678,CENG,277,,2010,1,M,CC
678,CENG,375,,2010,1,M,DD
678,CENG,407,,2010,1,M,BB
678,CENG,408,,2010,1,M,BB
678,CENG,491,,2010,1,M,CB
678,MCS,245,,2010,1,E,FD
678,CENG,351,,2010,91,M,DD
678,MCS,258,,2010,91,M,DC
692,ALM,101,,2011,0,E,S
692,ALM,102,,2011,0,E,S
692,CENG,111,,2011,0,M,S
692,CENG,114,,2011,0,M,S
692,CENG,191,,2011,0,M,S
692,CENG,218,,2011,0,M,S
692,CENG,222,,2011,0,M,S
692,CENG,241,,2011,0,M,S
692,CENG,272,,2011,0,M,S
692,CENG,277,,2011,0,M,S
692,CENG,329,,2011,0,M,S
692,CENG,424,,2011,0,E,S
692,CENG,491,,2011,0,M,S
692,ECE,124,,2011,0,M,S
692,ECE,218,,2011,0,E,S
692,ECE,281,,2011,0,M,S
692,ENG,105,,2011,0,M,AA
692,ENG,106,,2011,0,M,BB
692,MCS,155,,2011,0,M,S
692,MCS,156,,2011,0,M,S
692,MCS,205,,2011,0,M,S
692,MCS,258,,2011,0,M,S
692,PHYS,111,,2011,0,M,S
692,PHYS,112,,2011,0,M,S
692,CENG,375,,2011,0,M,S
692,CENG,407,,2011,1,M,CB
692,CENG,487,,2011,1,M,CB
692,ESR,101,,2011,1,M,DD
692,HIST,201,,2011,1,M,CB
692,TURK,101,,2011,1,M,CB
692,THEA,270,,2011,1,E,AA
692,THEA,274,,2011,1,E,AA
692,CENG,331,,2011,1,M,CC
692,CENG,351,,2011,1,M,BB
692,CENG,292,,2011,3,M,DC
692,CENG,328,,2011,3,M,CB
692,CENG,442,,2011,3,M,DD
692,MAN,432,,2011,3,M,BA
692,TURK,102,,2011,3,M,CC
692,CENG,310,,2011,3,M,DD
692,CENG,334,,2011,3,M,DD
692,CENG,356,,2011,3,M,DC
692,CENG,200,,2011,5,M,S
692,CENG,408,,2011,5,M,AA
692,ENG,306,,2011,5,M,BA
692,HIST,202,,2011,5,M,AA
692,CENG,466,,2012,1,E,DC
692,FRAN,101,,2012,1,E,BB
692,CENG,353,,2012,1,E,DD
692,ACS,205,,2012,1,M,BA
692,RPW,305,,2012,1,M,BA
692,RTW,405,,2012,1,M,BB
692,PCS,406,,2012,1,M,AA
692,ACS,206,,2012,3,M,DD
692,CENG,300,,2012,5,M,S
694,ALM,101,,2010,1,E,CC
694,CENG,487,,2010,1,M,DD
694,ENG,401,,2010,1,M,DC
694,ESR,101,,2010,1,E,BA
694,PES,225,,2010,1,E,BA
694,ITAL,101,,2010,1,E,BA
694,RUS,101,,2010,1,E,BB
694,SPAN,101,,2010,1,E,CB
694,CENG,328,,2010,3,M,DC
694,CENG,442,,2010,3,M,CC
694,PES,244,,2010,3,E,AA
694,CENG,375,,2010,93,M,DC
694,MCS,205,,2010,93,M,DC
697,CENG,111,,2010,2,M,DD
697,CENG,191,,2010,2,M,DD
697,ECE,281,,2010,2,M,FD
697,ENG,205,,2010,2,M,FF
697,MCS,155,,2010,2,M,FF
697,CENG,114,,2010,4,M,FD
697,MCS,155,,2010,4,M,CB
697,MCS,156,,2010,4,M,FD
697,TURK,102,,2010,4,M,DD
697,CENG,114,,2010,6,M,BB
697,ENG,205,,2010,6,M,DD
697,MCS,156,,2010,6,M,BB
697,CENG,241,,2011,1,M,DD
697,CENG,277,,2011,1,M,CC
697,MCS,205,,2011,1,M,DD
697,PES,250,,2011,1,E,AA
697,PES,334,,2011,1,E,AA
697,CENG,222,,2011,3,M,CC
697,CENG,272,,2011,3,M,CC
697,CENG,292,,2011,3,M,DD
697,CENG,466,,2011,3,E,AA
697,HIST,202,,2011,3,M,CB
697,MCS,258,,2011,3,M,FD
697,JOR,103,,2011,3,E,BA
697,CENG,200,,2011,5,M,S
697,CENG,491,,2011,5,M,CB
697,CENG,331,,2011,5,M,BA
697,CENG,334,,2011,5,M,DD
697,ESR,101,,2012,1,E,BA
697,HIST,201,,2012,1,M,CB
697,CENG,351,,2012,1,M,BB
697,CENG,375,,2012,1,M,DC
697,CENG,353,,2012,1,M,DC
697,CENG,329,,2012,1,M,CB
697,CENG,407,,2012,1,M,CB
697,CENG,487,,2012,1,M,DC
697,RTW,405,,2012,1,M,CC
697,CENG,328,,2012,3,M,BB
697,CENG,560,,2012,3,E,AA
697,CENG,356,,2012,3,M,CB
697,CENG,408,,2012,3,M,BB
697,MAN,432,,2012,3,M,DC
697,CENG,344,,2012,3,M,CC
697,CENG,442,,2012,3,M,BB
697,ACS,205,,2012,3,M,DC
697,MCS,258,,2012,5,M,CB
697,CENG,300,,2012,5,M,S
697,CENG,218,,2012,5,M,DD
697,MAN,332,,2012,5,E,BB
697,ECE,281,,2012,95,M,CB
698,ALM,101,,2010,1,E,DC
698,CENG,329,,2010,1,M,DD
698,CENG,407,,2010,1,M,BA
698,CENG,468,,2010,1,E,BA
698,CENG,487,,2010,1,M,CC
698,CENG,491,,2010,1,M,DC
698,ENG,401,,2010,1,M,CC
698,CENG,218,,2010,3,M,FF
698,CENG,408,,2010,3,M,BB
698,CENG,442,,2010,3,M,FF
698,CENG,460,,2010,3,E,BA
698,CENG,466,,2010,3,E,AA
698,MAN,432,,2010,3,M,CC
698,PES,334,,2010,3,E,BB
698,JOR,103,,2010,3,E,AA
698,CENG,442,,2010,5,M,BB
698,CENG,218,,2010,93,M,DD
698,CENG,442,,2010,93,M,FF
702,CENG,277,,2010,1,M,FF
702,CENG,375,,2010,1,M,FD
702,CENG,407,,2010,1,M,BA
702,CENG,487,,2010,1,M,DC
702,ENG,401,,2010,1,M,DC
702,ESR,101,,2010,1,E,BB
702,HIST,201,,2010,1,M,CC
702,CENG,328,,2010,3,M,DD
702,CENG,334,,2010,3,M,CC
702,CENG,408,,2010,3,M,DD
702,CENG,442,,2010,3,M,DD
702,MAN,432,,2010,3,M,BB
702,MCS,258,,2010,3,M,FF
702,CENG,375,,2010,5,M,CC
702,MCS,155,,2010,5,M,DD
702,MCS,258,,2010,5,M,CC
702,ALM,101,,2011,1,E,CC
702,CENG,460,,2011,1,E,BB
702,CENG,468,,2011,1,E,AA
702,CENG,277,,2011,91,M,BB
703,CENG,491,,2010,1,M,CC
703,CENG,328,,2010,3,M,FF
703,CENG,442,,2010,5,M,BA
703,CENG,241,,2010,95,M,DD
703,CENG,328,,2010,95,M,DD
704,CENG,375,,2010,1,M,CC
704,CENG,334,,2010,91,M,DD
704,CENG,442,,2010,91,M,DD
710,CENG,331,,2012,1,M,DC
710,CENG,375,,2012,1,M,DD
710,CENG,329,,2012,1,M,DD
710,CENG,491,,2012,1,M,DD
710,RTW,405,,2012,1,M,CC
710,CENG,300,,2012,3,M,S
710,CENG,334,,2012,91,M,DC
710,CENG,356,,2012,91,M,BA
716,PES,243,,2010,1,E,AA
716,PES,244,,2010,1,E,BA
716,MCS,156,,2010,91,M,DD
725,CENG,111,,2010,2,M,CC
725,ECE,281,,2010,2,M,FD
725,CENG,222,,2010,4,M,CC
725,ECE,124,,2010,4,M,BB
725,ENG,206,,2010,4,M,BB
725,MCS,258,,2010,4,M,DD
727,CENG,351,,2010,1,M,DD
727,CENG,375,,2010,1,M,CC
727,CENG,407,,2010,1,M,AA
727,CENG,471,,2010,1,E,AA
727,CENG,487,,2010,1,M,CB
727,CENG,491,,2010,1,M,FD
727,ENG,401,,2010,1,M,CB
727,THEA,270,,2010,1,E,AA
727,CENG,408,,2010,3,M,AA
727,CENG,442,,2010,3,M,DD
727,CENG,460,,2010,3,E,AA
727,CENG,466,,2010,3,E,AA
727,MAN,432,,2010,3,M,CB
727,PES,238,,2010,3,E,AA
727,PES,243,,2010,3,E,AA
727,THEA,274,,2010,3,E,AA
727,CENG,300,,2010,5,M,S
727,CENG,491,,2010,93,M,DD
728,CENG,329,,2010,1,M,FD
728,CENG,331,,2010,1,M,FD
728,CENG,351,,2010,1,M,BB
728,ECE,281,,2010,1,M,DC
728,MCS,205,,2010,1,M,FF
728,CENG,272,,2010,3,M,DD
728,CENG,328,,2010,3,M,BB
728,CENG,334,,2010,3,M,FF
728,CENG,344,,2010,3,M,BB
728,CENG,356,,2010,3,M,BA
728,HIST,202,,2010,3,M,FF
728,MCS,156,,2010,5,M,FF
728,MCS,205,,2010,5,M,CC
728,CENG,329,,2011,1,M,FF
728,CENG,407,,2011,1,M,BB
728,CENG,487,,2011,1,M,CB
728,CENG,491,,2011,1,M,FD
728,HIST,201,,2011,1,M,BB
728,ENG,405,,2011,1,M,NA
728,CENG,331,,2011,1,M,FF
728,CEC,206,,2011,1,E,BB
728,CENG,394,,2011,3,E,AA
728,CENG,408,,2011,3,M,BB
728,CENG,442,,2011,3,M,CB
728,HIST,202,,2011,3,M,CB
728,MAN,432,,2011,3,M,BA
728,MCS,258,,2011,3,M,FF
728,CENG,334,,2011,3,M,DC
728,MCS,156,,2011,5,M,FF
728,CENG,331,,2011,5,M,NA
728,CENG,300,,2011,5,M,S
728,CENG,466,,2012,1,E,NA
728,ESR,101,,2012,1,E,NA
728,CENG,331,,2012,1,M,NA
728,CENG,375,,2012,1,M,FF
728,CENG,353,,2012,1,M,BA
728,CEC,301,,2012,1,E,AA
728,CENG,329,,2012,1,M,FF
728,CENG,491,,2012,1,M,DC
728,RTW,405,,2012,1,M,NA
728,ESR,101,,2012,3,E,NA
728,MCS,156,,2012,3,M,FF
728,MCS,258,,2012,3,M,FF
728,CEC,208,,2012,3,E,FF
728,RTW,405,,2012,3,M,BB
728,MCS,156,,2012,5,M,FD
728,MCS,258,,2012,5,M,FD
728,ESR,101,,2013,1,E,AA
728,MCS,258,,2013,1,M,FF
728,CENG,331,,2013,1,M,AA
728,CENG,375,,2013,1,M,DD
728,CENG,329,,2013,1,M,CB
728,MCS,156,,2013,3,M,DD
728,MCS,258,,2013,3,M,NA
728,CEC,208,,2013,3,E,NA
728,CENG,361,,2013,3,E,BA
728,MCS,258,,2013,5,M,DD
729,CENG,407,,2010,1,M,AA
729,CENG,408,,2010,1,M,BB
729,CENG,442,,2010,1,M,CC
729,CENG,460,,2010,1,E,AA
729,CENG,471,,2010,1,E,BA
729,CENG,487,,2010,1,M,CC
729,CENG,491,,2010,1,M,BA
729,ENG,401,,2010,1,M,CB
731,CENG,331,,2010,1,M,DC
731,CENG,353,,2010,1,M,CB
731,CENG,375,,2010,1,M,CB
731,CENG,407,,2010,1,M,BA
731,CENG,487,,2010,1,M,CC
731,CENG,491,,2010,1,M,CC
731,ENG,401,,2010,1,M,BB
731,SPAN,101,,2010,1,E,AA
731,CENG,334,,2010,3,M,DD
731,CENG,408,,2010,3,M,BB
731,CENG,442,,2010,3,M,FD
731,CENG,460,,2010,3,E,BA
731,MAN,432,,2010,3,M,DC
731,MCS,258,,2010,3,M,DD
731,PSY,208,,2010,3,E,BB
731,CENG,300,,2010,5,M,S
731,CENG,442,,2010,5,M,BA
731,CENG,442,,2010,93,M,FF
732,CENG,351,,2010,1,M,AA
732,CENG,353,,2010,1,M,BA
732,CENG,375,,2010,1,M,BB
732,CENG,407,,2010,1,M,AA
732,CENG,487,,2010,1,M,BB
732,CENG,491,,2010,1,M,AA
732,ENG,401,,2010,1,M,BB
732,CENG,292,,2010,3,M,BA
732,CENG,408,,2010,3,M,BB
732,CENG,442,,2010,3,M,BA
732,CENG,460,,2010,3,E,BA
732,CENG,466,,2010,3,E,AA
732,MAN,432,,2010,3,M,BB
735,CENG,353,,2010,1,M,BA
735,CENG,407,,2010,1,M,AA
735,CENG,408,,2010,1,M,BA
735,CENG,435,,2010,1,E,BA
735,CENG,487,,2010,1,M,CC
735,CENG,491,,2010,1,M,CC
735,ENG,401,,2010,1,M,DC
735,PSY,208,,2010,1,E,AA
736,CENG,351,,2010,1,M,BB
736,CENG,407,,2010,1,M,AA
736,CENG,460,,2010,1,E,AA
736,CENG,487,,2010,1,M,DC
736,CENG,491,,2010,1,M,DD
736,ENG,401,,2010,1,M,DD
736,CENG,328,,2010,3,M,CC
736,CENG,334,,2010,3,M,FF
736,CENG,408,,2010,3,M,DD
736,CENG,442,,2010,3,M,FF
736,CENG,466,,2010,3,E,BA
736,MAN,432,,2010,3,M,CC
736,PES,235,,2010,3,E,AA
736,ITAL,101,,2010,3,E,AA
736,CENG,218,,2010,5,M,CB
736,CENG,300,,2010,5,M,S
736,CENG,375,,2010,5,M,FD
736,MAN,423,,2010,5,E,DD
736,CENG,375,,2011,1,M,DD
736,CENG,442,,2011,91,M,BB
736,CENG,334,,2011,91,M,DD
739,CENG,111,,2010,1,M,BA
739,CENG,407,,2010,1,M,AA
739,CENG,460,,2010,1,E,AA
739,CENG,468,,2010,1,E,AA
739,CENG,487,,2010,1,M,CB
739,CENG,491,,2010,1,M,DC
739,ENG,401,,2010,1,M,BA
739,CENG,408,,2010,3,M,AA
739,CENG,442,,2010,3,M,CC
739,MAN,432,,2010,3,M,BA
739,PES,243,,2010,3,E,AA
739,JOR,103,,2010,3,E,AA
739,THEA,288,,2010,3,E,AA
740,CENG,329,,2010,1,M,CC
740,CENG,351,,2010,1,M,CC
740,CENG,375,,2010,1,M,CB
740,CENG,460,,2010,1,E,BA
740,CENG,487,,2010,1,M,BB
740,PES,244,,2010,1,E,BA
740,JOR,103,,2010,1,E,BA
740,CENG,328,,2010,3,M,CB
740,CENG,334,,2010,3,M,DD
740,CENG,344,,2010,3,M,DC
740,CENG,356,,2010,3,M,CB
740,CENG,407,,2010,3,M,AA
740,CENG,442,,2010,3,M,DD
740,CENG,466,,2010,3,E,AA
740,MAN,432,,2010,3,M,BB
740,CENG,300,,2010,5,M,S
740,CENG,491,,2010,5,M,CB
740,MCS,258,,2010,5,M,FF
740,CENG,408,,2011,1,M,CB
740,CENG,468,,2011,1,E,AA
740,ECE,281,,2011,1,M,DD
740,ESR,101,,2011,1,E,BB
740,ENG,405,,2011,1,M,DC
740,CEC,301,,2011,1,E,CB
740,MCS,258,,2011,91,M,CB
741,CENG,407,,2010,1,M,AA
741,CENG,460,,2010,1,E,AA
741,CENG,468,,2010,1,E,AA
741,CENG,487,,2010,1,M,BB
741,CENG,491,,2010,1,M,DD
741,ENG,401,,2010,1,M,BA
741,PES,243,,2010,1,E,AA
741,PES,244,,2010,1,E,BA
741,CENG,408,,2010,3,M,AA
741,CENG,442,,2010,3,M,DD
741,CENG,466,,2010,3,E,AA
741,MAN,432,,2010,3,M,BB
741,PES,238,,2010,3,E,AA
741,PSY,202,,2010,3,E,W
741,PSY,208,,2010,3,E,BA
741,SPAN,101,,2010,3,E,BA
742,CENG,329,,2010,1,M,DD
742,CENG,331,,2010,1,M,DD
742,CENG,375,,2010,1,M,DC
742,CENG,407,,2010,1,M,AA
742,CENG,460,,2010,1,E,AA
742,CENG,487,,2010,1,M,CC
742,ENG,401,,2010,1,M,CC
742,SPAN,101,,2010,1,E,AA
742,CENG,328,,2010,3,M,DD
742,CENG,334,,2010,3,M,DD
742,CENG,356,,2010,3,M,DD
742,CENG,408,,2010,3,M,AA
742,CENG,442,,2010,3,M,DD
742,CENG,466,,2010,3,E,AA
742,MAN,432,,2010,3,M,CC
742,OTT,101,,2010,3,E,AA
742,CENG,218,,2010,5,M,CB
742,CENG,491,,2010,5,M,CB
742,MCS,258,,2010,5,M,DD
742,CENG,241,,2011,1,M,DD
742,CENG,468,,2011,1,E,AA
742,MCS,205,,2011,1,M,DD
745,CENG,407,,2010,1,M,AA
745,CENG,460,,2010,1,E,AA
745,CENG,468,,2010,1,E,AA
745,CENG,487,,2010,1,M,BA
745,CENG,491,,2010,1,M,DC
745,ENG,401,,2010,1,M,CB
745,ALM,101,,2010,3,E,BB
745,CENG,408,,2010,3,M,AA
745,CENG,442,,2010,3,M,CC
745,CENG,466,,2010,3,E,AA
745,MAN,432,,2010,3,M,BA
745,PES,246,,2010,3,E,AA
745,ITAL,101,,2010,3,E,AA
746,CENG,111,,2010,1,M,AA
746,CENG,407,,2010,1,M,AA
746,CENG,460,,2010,1,E,AA
746,CENG,468,,2010,1,E,AA
746,CENG,487,,2010,1,M,BB
746,CENG,491,,2010,1,M,BA
746,ENG,401,,2010,1,M,AA
746,CENG,272,,2010,3,M,AA
746,CENG,408,,2010,3,M,AA
746,CENG,442,,2010,3,M,AA
746,MAN,432,,2010,3,M,BA
746,PES,243,,2010,3,E,AA
746,THEA,288,,2010,3,E,AA
748,CENG,407,,2010,1,M,AA
748,CENG,460,,2010,1,E,BA
748,CENG,487,,2010,1,M,DC
748,CENG,491,,2010,1,M,DC
748,ENG,401,,2010,1,M,DC
748,CENG,344,,2010,3,M,CC
748,CENG,408,,2010,3,M,AA
748,CENG,442,,2010,3,M,FD
748,CENG,466,,2010,3,E,AA
748,THEA,270,,2010,3,E,AA
748,THEA,274,,2010,3,E,AA
748,CENG,442,,2010,93,M,CC
749,CENG,241,,2010,1,M,BA
749,CENG,407,,2010,1,M,AA
749,CENG,460,,2010,1,E,AA
749,CENG,468,,2010,1,E,AA
749,CENG,487,,2010,1,M,CC
749,CENG,491,,2010,1,M,CB
749,ENG,401,,2010,1,M,BA
749,CENG,408,,2010,3,M,AA
749,CENG,442,,2010,3,M,CC
749,MAN,432,,2010,3,M,AA
749,THEA,288,,2010,3,E,BA
751,CENG,241,,2010,1,M,BA
751,CENG,375,,2010,1,M,CC
751,CENG,435,,2010,1,E,BB
751,CENG,218,,2010,3,M,BA
751,CENG,272,,2010,3,M,BB
751,CENG,356,,2010,3,M,CB
751,CENG,442,,2010,3,M,BB
751,CENG,460,,2010,3,E,AA
751,CENG,466,,2010,3,E,AA
752,CENG,331,,2010,1,M,DC
752,CENG,351,,2010,1,M,CB
752,CENG,407,,2010,1,M,AA
752,CENG,460,,2010,1,E,AA
752,CENG,487,,2010,1,M,CC
752,CENG,491,,2010,1,M,CC
752,ENG,401,,2010,1,M,CB
752,SPAN,101,,2010,1,E,AA
752,CENG,408,,2010,3,M,AA
752,CENG,442,,2010,3,M,FF
752,CENG,466,,2010,3,E,AA
752,MAN,432,,2010,3,M,CB
752,MCS,156,,2010,3,M,CB
752,PES,243,,2010,3,E,AA
752,THEA,288,,2010,3,E,BA
752,OTT,101,,2010,3,E,AA
752,CENG,300,,2010,5,M,S
752,CENG,442,,2010,93,M,DD
753,ALM,101,,2010,1,E,AA
753,CENG,353,,2010,1,M,AA
753,CENG,407,,2010,1,M,AA
753,CENG,468,,2010,1,E,AA
753,CENG,487,,2010,1,M,AA
753,CENG,491,,2010,1,M,DC
753,ENG,401,,2010,1,M,AA
753,CENG,334,,2010,3,M,CB
753,CENG,344,,2010,3,M,BA
753,CENG,408,,2010,3,M,AA
753,CENG,442,,2010,3,M,BB
753,CENG,460,,2010,3,E,AA
753,MAN,432,,2010,3,M,AA
753,PES,238,,2010,3,E,AA
753,PES,248,,2010,3,E,AA
754,CENG,111,,2010,2,M,FD
754,CENG,241,,2010,2,M,FF
754,CENG,277,,2010,2,M,FF
754,CENG,114,,2010,4,M,FD
754,ECE,124,,2010,4,M,FD
754,ENG,206,,2010,4,M,DC
754,MCS,156,,2010,4,M,FD
754,CENG,114,,2010,6,M,CC
754,CENG,241,,2010,6,M,CC
754,MCS,156,,2010,6,M,CC
754,CENG,111,,2011,2,M,DD
754,CENG,277,,2011,2,M,DC
754,ENG,205,,2011,2,M,CB
754,CENG,272,,2011,3,M,DD
754,CENG,292,,2011,3,M,CC
754,ECE,124,,2011,3,M,FD
754,HIST,202,,2011,3,M,CB
754,MCS,205,,2011,3,M,FF
754,CENG,218,,2011,5,M,DD
754,CENG,328,,2011,5,M,CC
754,ECE,281,,2011,5,M,CC
754,HIST,201,,2012,1,M,BB
754,MCS,205,,2012,1,M,FD
754,CENG,331,,2012,1,M,DD
754,CENG,353,,2012,1,M,CB
754,CENG,329,,2012,1,M,DC
754,RTW,405,,2012,1,M,CB
754,ESR,101,,2012,3,E,AA
754,MCS,258,,2012,3,M,DD
754,CENG,334,,2012,3,M,DD
754,CENG,356,,2012,3,M,CC
754,MAN,432,,2012,3,M,CC
754,CENG,344,,2012,3,M,CC
754,CENG,491,,2012,5,M,FF
754,CENG,442,,2012,5,M,DC
754,MAN,214,,2012,5,E,CB
754,CENG,351,,2013,1,M,DC
754,CENG,375,,2013,1,M,DD
754,CENG,487,,2013,1,M,CC
754,CENG,491,,2013,1,M,FD
754,CENG,407,,2013,1,M,AA
754,PES,244,,2013,3,E,AA
754,OTT,101,,2013,3,E,AA
754,ECE,124,,2013,3,M,CC
754,CENG,408,,2013,3,M,BA
754,CEC,216,,2013,3,E,AA
754,MCS,205,,2013,93,M,DD
754,CENG,491,,2013,93,M,DC
755,CENG,351,,2010,1,M,AA
755,CENG,375,,2010,1,M,AA
755,CENG,407,,2010,1,M,BA
755,CENG,468,,2010,1,E,AA
755,ENG,401,,2010,1,M,AA
755,PSY,208,,2010,1,E,AA
755,CENG,272,,2010,3,M,AA
755,CENG,292,,2010,3,M,AA
755,CENG,344,,2010,3,M,AA
755,CENG,356,,2010,3,M,AA
755,CENG,408,,2010,3,M,AA
755,CENG,460,,2010,3,E,AA
755,HIST,202,,2010,3,M,AA
755,ITAL,101,,2010,3,E,AA
755,CENG,300,,2010,5,M,S
756,CENG,353,,2010,1,M,BA
756,CENG,407,,2010,1,M,AA
756,CENG,460,,2010,1,E,AA
756,CENG,468,,2010,1,E,AA
756,CENG,487,,2010,1,M,CC
756,CENG,491,,2010,1,M,FF
756,ENG,401,,2010,1,M,CB
756,PES,246,,2010,1,E,AA
756,CENG,328,,2010,3,M,CB
756,CENG,408,,2010,3,M,AA
756,CENG,442,,2010,3,M,CB
756,CENG,466,,2010,3,E,AA
756,PES,334,,2010,3,E,BA
756,CENG,491,,2010,93,M,DD
757,CENG,328,,2010,91,M,CC
757,CENG,442,,2010,91,M,CB
758,CENG,353,,2010,1,M,CB
758,CENG,407,,2010,1,M,BA
758,CENG,471,,2010,1,E,BA
758,CENG,487,,2010,1,M,DC
758,CENG,491,,2010,1,M,DD
758,ENG,401,,2010,1,M,CC
758,CENG,272,,2010,3,M,DD
758,CENG,334,,2010,3,M,DD
758,CENG,408,,2010,3,M,DD
758,CENG,442,,2010,3,M,FD
758,CENG,460,,2010,3,E,AA
758,CENG,466,,2010,3,E,AA
758,MAN,432,,2010,3,M,BB
758,THEA,290,,2010,3,E,W
758,CENG,300,,2010,5,M,S
758,CENG,442,,2010,5,M,CB
758,MCS,155,,2010,5,M,DD
758,MCS,258,,2010,5,M,FD
758,ELL,507,,2011,1,E,BA
758,MCS,258,,2011,91,M,CB
760,CENG,241,,2010,1,M,CC
760,CENG,408,,2010,1,M,BA
760,CENG,491,,2010,1,M,FF
760,ENG,401,,2010,1,M,CB
760,CENG,218,,2010,3,M,DD
760,CENG,344,,2010,3,M,CC
760,CENG,442,,2010,3,M,DD
760,CENG,491,,2010,93,M,CC
761,CENG,353,,2010,1,M,AA
761,CENG,407,,2010,1,M,AA
761,CENG,468,,2010,1,E,AA
761,CENG,487,,2010,1,M,AA
761,CENG,491,,2010,1,M,BB
761,ENG,401,,2010,1,M,BA
761,THEA,267,,2010,1,E,AA
761,CENG,408,,2010,3,M,AA
761,CENG,442,,2010,3,M,BA
761,CENG,460,,2010,3,E,AA
762,CENG,407,,2010,1,M,AA
762,CENG,435,,2010,1,E,FF
762,CENG,468,,2010,1,E,AA
762,CENG,487,,2010,1,M,BA
762,CENG,491,,2010,1,M,CC
762,ENG,401,,2010,1,M,AA
762,CENG,408,,2010,3,M,BB
762,CENG,442,,2010,3,M,DD
762,CENG,460,,2010,3,E,AA
762,MAN,432,,2010,3,M,BA
762,THEA,288,,2010,3,E,BA
763,CENG,353,,2010,1,M,BA
763,CENG,407,,2010,1,M,AA
763,CENG,460,,2010,1,E,AA
763,CENG,468,,2010,1,E,AA
763,ENG,401,,2010,1,M,BB
763,ITAL,101,,2010,1,E,AA
763,THEA,274,,2010,1,E,AA
763,CENG,218,,2010,3,M,CB
763,CENG,344,,2010,3,M,CC
763,CENG,356,,2010,3,M,BA
763,CENG,408,,2010,3,M,AA
764,CENG,111,,2010,1,M,BA
764,CENG,407,,2010,1,M,AA
764,CENG,468,,2010,1,E,AA
764,CENG,487,,2010,1,M,CC
764,CENG,491,,2010,1,M,CC
764,ENG,401,,2010,1,M,CB
764,CENG,408,,2010,3,M,AA
764,CENG,442,,2010,3,M,DC
764,CENG,460,,2010,3,E,AA
764,MAN,432,,2010,3,M,BB
764,PES,243,,2010,3,E,BA
764,JOR,103,,2010,3,E,AA
764,THEA,270,,2010,3,E,AA
764,THEA,288,,2010,3,E,BA
765,ALM,101,,2010,1,E,BB
765,CENG,353,,2010,1,M,BB
765,CENG,407,,2010,1,M,BA
765,CENG,487,,2010,1,M,CC
765,CENG,491,,2010,1,M,DD
765,ENG,401,,2010,1,M,BA
765,PES,248,,2010,1,E,FF
765,CENG,218,,2010,3,M,FF
765,CENG,408,,2010,3,M,BB
765,CENG,442,,2010,3,M,FF
765,CENG,460,,2010,3,E,BA
765,MAN,432,,2010,3,M,CC
765,PSY,208,,2010,3,E,BB
765,JOR,103,,2010,3,E,AA
765,THEA,290,,2010,3,E,BB
765,CENG,442,,2010,5,M,BB
765,CENG,218,,2010,93,M,DD
765,CENG,442,,2010,93,M,FF
767,ALM,101,,2010,1,E,AA
767,CENG,407,,2010,1,M,BA
767,CENG,487,,2010,1,M,DC
767,CENG,491,,2010,1,M,FD
767,ENG,401,,2010,1,M,CB
767,SPAN,101,,2010,1,E,AA
767,CENG,344,,2010,3,M,CC
767,CENG,408,,2010,3,M,AA
767,CENG,442,,2010,3,M,DC
767,CENG,460,,2010,3,E,AA
767,CENG,466,,2010,3,E,AA
767,MAN,432,,2010,3,M,CC
767,PES,334,,2010,3,E,BB
767,CENG,491,,2010,93,M,DD
768,CENG,353,,2010,1,M,BA
768,CENG,407,,2010,1,M,AA
768,CENG,460,,2010,1,E,AA
768,CENG,487,,2010,1,M,CB
768,CENG,491,,2010,1,M,DD
768,ENG,401,,2010,1,M,BB
768,THEA,267,,2010,1,E,AA
768,CENG,408,,2010,3,M,AA
768,CENG,442,,2010,3,M,CC
768,CENG,466,,2010,3,E,AA
768,THEA,274,,2010,3,E,AA
769,CENG,407,,2010,1,M,AA
769,CENG,460,,2010,1,E,AA
769,CENG,468,,2010,1,E,AA
769,CENG,487,,2010,1,M,BB
769,CENG,491,,2010,1,M,DD
769,ENG,401,,2010,1,M,AA
769,CENG,408,,2010,3,M,AA
769,CENG,442,,2010,3,M,CB
769,CENG,466,,2010,3,E,AA
769,MAN,432,,2010,3,M,BB
769,CENG,300,,2010,5,M,S
770,CENG,241,,2010,1,M,BB
770,CENG,407,,2010,1,M,AA
770,CENG,460,,2010,1,E,AA
770,CENG,468,,2010,1,E,AA
770,CENG,487,,2010,1,M,CB
770,CENG,491,,2010,1,M,CB
770,ENG,401,,2010,1,M,AA
770,CENG,408,,2010,3,M,AA
770,CENG,442,,2010,3,M,CC
770,MAN,432,,2010,3,M,AA
770,THEA,288,,2010,3,E,BA
771,CENG,407,,2010,1,M,AA
771,CENG,460,,2010,1,E,AA
771,CENG,487,,2010,1,M,CB
771,CENG,491,,2010,1,M,CB
771,ENG,401,,2010,1,M,BA
771,ITAL,101,,2010,1,E,AA
771,CENG,408,,2010,3,M,AA
771,CENG,442,,2010,3,M,CB
771,MAN,432,,2010,3,M,BB
771,THEA,288,,2010,3,E,AA
772,CENG,407,,2010,1,M,AA
772,CENG,460,,2010,1,E,AA
772,CENG,468,,2010,1,E,AA
772,CENG,487,,2010,1,M,CB
772,CENG,491,,2010,1,M,BA
772,ENG,401,,2010,1,M,BB
772,CENG,272,,2010,3,M,AA
772,CENG,408,,2010,3,M,AA
772,CENG,442,,2010,3,M,BB
772,MAN,432,,2010,3,M,BB
772,ITAL,101,,2010,3,E,AA
773,CENG,407,,2010,1,M,AA
773,CENG,435,,2010,1,E,FF
773,CENG,487,,2010,1,M,BB
773,CENG,491,,2010,1,M,DC
773,ENG,401,,2010,1,M,AA
773,THEA,270,,2010,1,E,AA
773,CENG,408,,2010,3,M,BA
773,CENG,442,,2010,3,M,DC
773,CENG,460,,2010,3,E,AA
773,MAN,432,,2010,3,M,AA
773,THEA,274,,2010,3,E,AA
774,CENG,353,,2010,1,M,DC
774,CENG,407,,2010,1,M,AA
774,CENG,460,,2010,1,E,AA
774,CENG,487,,2010,1,M,DC
774,CENG,491,,2010,1,M,DC
774,ENG,401,,2010,1,M,BB
774,ITAL,101,,2010,1,E,AA
774,CENG,334,,2010,3,M,DD
774,CENG,344,,2010,3,M,CC
774,CENG,408,,2010,3,M,AA
774,CENG,442,,2010,3,M,DD
774,MAN,432,,2010,3,M,DD
774,THEA,288,,2010,3,E,AA
775,CENG,353,,2010,1,M,CB
775,CENG,407,,2010,1,M,AA
775,CENG,460,,2010,1,E,AA
775,CENG,487,,2010,1,M,CC
775,CENG,491,,2010,1,M,CC
775,ENG,401,,2010,1,M,BA
775,ITAL,101,,2010,1,E,AA
775,CENG,408,,2010,3,M,AA
775,CENG,442,,2010,3,M,DD
775,MAN,432,,2010,3,M,CC
775,THEA,288,,2010,3,E,AA
776,CENG,331,,2010,1,M,DD
776,CENG,351,,2010,1,M,CB
776,CENG,407,,2010,1,M,AA
776,CENG,460,,2010,1,E,AA
776,CENG,468,,2010,1,E,AA
776,CENG,487,,2010,1,M,CC
776,CENG,491,,2010,1,M,CB
776,ENG,401,,2010,1,M,CC
776,ALM,101,,2010,3,E,BB
776,CENG,408,,2010,3,M,AA
776,CENG,442,,2010,3,M,FD
776,MAN,432,,2010,3,M,CC
776,ITAL,101,,2010,3,E,AA
776,THEA,270,,2010,3,E,AA
776,CENG,442,,2010,5,M,AA
776,CENG,442,,2010,93,M,FF
777,CENG,300,,2010,1,M,S
777,CENG,331,,2010,1,M,CB
777,CENG,353,,2010,1,M,BA
777,CENG,407,,2010,1,M,AA
777,CENG,487,,2010,1,M,CC
777,CENG,491,,2010,1,M,DD
777,ENG,401,,2010,1,M,AA
777,THEA,267,,2010,1,E,AA
777,CENG,408,,2010,3,M,BB
777,CENG,442,,2010,3,M,CB
777,CENG,466,,2010,3,E,AA
777,MAN,432,,2010,3,M,AA
777,THEA,274,,2010,3,E,AA
779,CENG,277,,2010,2,M,FF
779,ECE,281,,2010,2,M,DD
779,ENG,205,,2010,2,M,FF
779,MCS,155,,2010,2,M,FF
779,TURK,101,,2010,2,M,FF
779,CENG,218,,2010,4,M,FF
779,CENG,292,,2010,4,M,FF
779,ECE,124,,2010,4,M,FD
779,MCS,155,,2010,4,M,BB
779,CENG,114,,2010,6,M,BA
779,CENG,218,,2010,6,M,CB
779,ENG,205,,2010,6,M,NA
779,CENG,277,,2011,2,M,BB
779,ENG,205,,2011,2,M,CC
779,TURK,101,,2011,2,M,BB
779,CENG,222,,2011,3,M,DC
779,CENG,272,,2011,3,M,CB
779,CENG,466,,2011,3,E,AA
779,MCS,205,,2011,3,M,DD
779,MCS,258,,2011,3,M,DC
779,PES,250,,2011,3,E,AA
779,PES,334,,2011,3,E,AA
779,CENG,200,,2011,5,M,S
779,CENG,241,,2011,5,M,BA
779,CENG,491,,2011,5,M,DD
779,CENG,331,,2011,5,M,BB
779,CENG,351,,2012,1,M,DC
779,CENG,375,,2012,1,M,DC
779,CENG,344,,2012,1,M,CB
779,CENG,353,,2012,1,M,DC
779,CENG,329,,2012,1,M,DD
779,CENG,407,,2012,1,M,BA
779,CENG,487,,2012,1,M,CC
779,RTW,405,,2012,1,M,CC
779,CENG,328,,2012,3,M,FD
779,CENG,462,,2012,3,E,BB
779,ESR,101,,2012,3,E,AA
779,RUS,101,,2012,3,E,BB
779,CENG,356,,2012,3,M,CC
779,CENG,408,,2012,3,M,NA
779,MAN,432,,2012,3,M,DC
779,CEC,301,,2012,3,E,AA
779,CENG,328,,2012,5,M,CB
779,CENG,334,,2012,5,M,AA
779,CENG,300,,2012,5,M,U
779,CENG,442,,2012,5,M,BA
779,CENG,300,,2013,1,M,S
779,CENG,408,,2013,1,M,BA
779,CENG,292,,2013,91,M,BB
779,ECE,124,,2013,91,M,DC
780,CENG,375,,2010,1,M,CB
780,CENG,407,,2010,1,M,AA
780,CENG,460,,2010,1,E,BA
780,CENG,468,,2010,1,E,AA
780,CENG,487,,2010,1,M,DC
780,CENG,491,,2010,1,M,FF
780,ENG,401,,2010,1,M,CB
780,CENG,218,,2010,3,M,FF
780,CENG,334,,2010,3,M,DD
780,CENG,344,,2010,3,M,DD
780,CENG,408,,2010,3,M,BA
780,CENG,442,,2010,3,M,FD
780,MAN,432,,2010,3,M,BB
780,PES,334,,2010,3,E,BB
780,JOR,103,,2010,3,E,CB
780,CENG,218,,2010,5,M,BB
780,CENG,442,,2010,5,M,CB
780,CENG,491,,2010,5,M,CB
781,CENG,407,,2010,1,M,AA
781,CENG,460,,2010,1,E,AA
781,CENG,487,,2010,1,M,BB
781,CENG,491,,2010,1,M,CC
781,ENG,401,,2010,1,M,BB
781,THEA,267,,2010,1,E,BA
781,CENG,408,,2010,3,M,AA
781,CENG,442,,2010,3,M,CB
781,CENG,466,,2010,3,E,AA
781,MAN,432,,2010,3,M,BB
781,THEA,274,,2010,3,E,AA
782,CENG,407,,2010,1,M,AA
782,CENG,460,,2010,1,E,AA
782,CENG,468,,2010,1,E,AA
782,ENG,401,,2010,1,M,AA
782,THEA,267,,2010,1,E,AA
782,ITAL,101,,2010,1,E,AA
782,SPAN,101,,2010,1,E,AA
782,CENG,344,,2010,3,M,BA
782,CENG,356,,2010,3,M,AA
782,CENG,408,,2010,3,M,AA
786,CENG,329,,2010,1,M,FF
786,CENG,331,,2010,1,M,DD
786,CENG,351,,2010,1,M,DC
786,CENG,407,,2010,1,M,BB
786,CENG,460,,2010,1,E,BB
786,ENG,401,,2010,1,M,DD
786,CENG,328,,2010,3,M,FF
786,CENG,344,,2010,3,M,FD
786,CENG,408,,2010,3,M,DD
786,CENG,442,,2010,3,M,FF
786,MAN,432,,2010,3,M,DD
786,CENG,375,,2010,5,M,FF
786,CENG,442,,2010,5,M,CB
786,CENG,491,,2010,5,M,DD
786,ALM,101,,2011,1,E,AA
786,CENG,329,,2011,1,M,FF
786,CENG,487,,2011,1,M,FF
786,PES,250,,2011,1,E,AA
786,CENG,375,,2011,1,M,DD
786,CENG,328,,2011,3,M,DC
786,CENG,466,,2011,3,E,AA
786,INTT,234,,2011,3,E,AA
786,CENG,344,,2011,3,M,DD
786,CEC,200,,2011,3,E,AA
786,CENG,300,,2011,5,M,S
786,CENG,329,,2011,93,M,DD
786,CENG,487,,2011,93,M,DD
787,CENG,407,,2010,1,M,AA
787,CENG,460,,2010,1,E,AA
787,CENG,468,,2010,1,E,AA
787,CENG,487,,2010,1,M,CB
787,CENG,491,,2010,1,M,DD
787,ENG,401,,2010,1,M,BB
787,CENG,272,,2010,3,M,BB
787,CENG,408,,2010,3,M,AA
787,CENG,442,,2010,3,M,DD
787,MAN,432,,2010,3,M,CB
787,ITAL,101,,2010,3,E,AA
787,THEA,288,,2010,3,E,AA
797,CENG,241,,2010,1,M,FF
797,CENG,351,,2010,1,M,DC
797,CENG,353,,2010,1,M,CC
797,CENG,375,,2010,1,M,FD
797,CENG,468,,2010,1,E,AA
797,CENG,328,,2010,3,M,DD
797,CENG,356,,2010,3,M,CC
797,CENG,442,,2010,3,M,FD
797,CENG,460,,2010,3,E,AA
797,MAN,432,,2010,3,M,BA
797,TURK,102,,2010,3,M,DD
797,CENG,218,,2010,5,M,BB
797,CENG,300,,2010,5,M,S
797,CENG,442,,2010,5,M,BB
797,MCS,258,,2010,5,M,FF
797,CENG,241,,2011,1,M,CC
797,CENG,407,,2011,1,M,BB
797,CENG,487,,2011,1,M,CC
797,CENG,491,,2011,1,M,FF
797,ESR,101,,2011,1,E,CC
797,PES,248,,2011,1,E,AA
797,ENG,405,,2011,1,M,CC
797,CENG,375,,2011,1,M,DD
797,CEC,243,,2011,1,E,BA
797,CENG,222,,2011,3,M,BA
797,CENG,272,,2011,3,M,DD
797,CENG,408,,2011,3,M,AA
797,ECE,124,,2011,3,M,FF
797,MCS,156,,2011,3,M,FF
797,MCS,258,,2011,3,M,FD
797,CENG,334,,2011,3,M,DD
797,CENG,344,,2011,3,M,DD
797,CENG,491,,2011,5,M,DD
797,MCS,156,,2011,5,M,FD
797,MCS,156,,2012,1,M,DD
797,MCS,258,,2012,1,M,FF
797,MCS,258,,2012,91,M,CB
797,ECE,124,,2012,91,M,BB
798,CENG,241,,2010,1,M,DD
798,CENG,329,,2010,1,M,DD
798,CENG,351,,2010,1,M,DC
798,CENG,353,,2010,1,M,CC
798,ECE,281,,2010,1,M,CC
798,CENG,218,,2010,3,M,FD
798,CENG,222,,2010,3,M,DD
798,CENG,272,,2010,3,M,FD
798,CENG,344,,2010,3,M,FF
798,CENG,356,,2010,3,M,DD
798,CENG,300,,2010,5,M,S
798,CENG,331,,2010,5,M,CC
798,CENG,375,,2010,5,M,DC
798,CENG,491,,2010,5,M,DD
798,CENG,407,,2011,1,M,BB
798,CENG,460,,2011,1,E,BA
798,CENG,487,,2011,1,M,FF
798,ESR,101,,2011,1,E,CC
798,PES,244,,2011,1,E,BA
798,PES,248,,2011,1,E,AA
798,ENG,405,,2011,1,M,DD
798,CENG,272,,2011,3,M,DD
798,CENG,328,,2011,3,M,DD
798,CENG,394,,2011,3,E,DD
798,CENG,408,,2011,3,M,CB
798,CENG,442,,2011,3,M,FD
798,CENG,466,,2011,3,E,AA
798,MAN,432,,2011,3,M,BB
798,CENG,334,,2011,3,M,DC
798,CENG,218,,2011,5,M,DC
798,CENG,442,,2011,5,M,DD
798,CENG,487,,2011,95,M,DC
798,CENG,344,,2011,95,M,DD
798,CENG,394,,2012,91,E,BB
799,CENG,407,,2010,1,M,AA
799,CENG,460,,2010,1,E,AA
799,CENG,487,,2010,1,M,BA
799,CENG,491,,2010,1,M,DC
799,ENG,401,,2010,1,M,BA
799,CENG,408,,2010,3,M,AA
799,CENG,442,,2010,3,M,DC
799,CENG,466,,2010,3,E,AA
799,MAN,432,,2010,3,M,BB
800,CENG,277,,2010,1,M,DD
800,CENG,329,,2010,1,M,DD
800,CENG,331,,2010,1,M,FF
800,CENG,351,,2010,1,M,DC
800,PSY,208,,2010,1,E,AA
800,CENG,222,,2010,3,M,FD
800,CENG,328,,2010,3,M,FF
800,CENG,334,,2010,3,M,FD
800,CENG,356,,2010,3,M,DC
800,HIST,202,,2010,3,M,BB
800,CENG,300,,2010,5,M,S
800,CENG,331,,2010,5,M,CC
800,CENG,375,,2010,5,M,DD
800,CENG,491,,2010,5,M,BB
800,CENG,407,,2011,1,M,AA
800,CENG,460,,2011,1,E,CC
800,CENG,487,,2011,1,M,FF
800,ESR,101,,2011,1,E,BA
800,PES,250,,2011,1,E,AA
800,ENG,405,,2011,1,M,DD
800,CENG,353,,2011,1,M,FD
800,CENG,222,,2011,3,M,DD
800,CENG,328,,2011,3,M,FD
800,CENG,408,,2011,3,M,AA
800,CENG,442,,2011,3,M,CB
800,CENG,466,,2011,3,E,AA
800,MAN,432,,2011,3,M,BB
800,PES,244,,2011,3,E,BA
800,CENG,334,,2011,3,M,CC
800,CENG,328,,2011,5,M,CC
800,CENG,487,,2011,95,M,CC
800,CENG,353,,2011,95,M,CC
801,CENG,329,,2010,1,M,BB
801,CENG,331,,2010,1,M,DC
801,CENG,351,,2010,1,M,BB
801,CENG,353,,2010,1,M,BA
801,CENG,375,,2010,1,M,AA
801,ITAL,101,,2010,1,E,AA
801,CENG,328,,2010,3,M,AA
801,CENG,334,,2010,3,M,CC
801,CENG,344,,2010,3,M,CB
801,CENG,356,,2010,3,M,AA
801,MCS,258,,2010,3,M,AA
801,PES,246,,2010,3,E,AA
801,THEA,270,,2010,3,E,AA
801,CENG,300,,2010,5,M,S
801,CENG,407,,2011,1,M,AA
801,CENG,460,,2011,1,E,AA
801,CENG,468,,2011,1,E,AA
801,CENG,487,,2011,1,M,BA
801,CENG,491,,2011,1,M,BA
801,ESR,101,,2011,1,E,BA
801,ENG,405,,2011,1,M,AA
801,CENG,408,,2011,3,M,BA
801,CENG,442,,2011,3,M,BB
801,MAN,432,,2011,3,M,AA
802,MCS,231,,2010,0,E,S
802,MSE,103,,2010,0,E,S
802,CENG,375,,2010,1,M,FF
802,CENG,435,,2010,1,E,NA
802,CENG,491,,2010,1,M,DD
802,ENG,401,,2010,1,M,AA
802,THEA,267,,2010,1,E,DC
802,CENG,328,,2010,3,M,DD
802,CENG,334,,2010,3,M,FF
802,CENG,442,,2010,3,M,BA
802,MAN,432,,2010,3,M,BB
802,PES,334,,2010,3,E,AA
802,CENG,375,,2011,1,M,FF
802,CENG,334,,2011,3,M,FF
802,CENG,375,,2011,93,M,DD
802,CENG,334,,2011,93,M,DD
803,CENG,111,,2010,1,M,BB
803,CENG,329,,2010,1,M,CB
803,CENG,331,,2010,1,M,DC
803,CENG,351,,2010,1,M,BB
803,CENG,353,,2010,1,M,AA
803,CENG,375,,2010,1,M,BB
803,ITAL,101,,2010,1,E,BA
803,CENG,328,,2010,3,M,BB
803,CENG,334,,2010,3,M,CC
803,CENG,344,,2010,3,M,CC
803,CENG,356,,2010,3,M,BA
803,CENG,442,,2010,3,M,CB
803,CENG,460,,2010,3,E,AA
803,MAN,432,,2010,3,M,BB
803,CENG,300,,2010,5,M,S
803,CENG,407,,2011,1,M,AA
803,CENG,408,,2011,1,M,BA
803,CENG,468,,2011,1,E,AA
803,CENG,487,,2011,1,M,BA
803,CENG,491,,2011,1,M,BB
803,PES,248,,2011,1,E,AA
803,RUS,101,,2011,1,E,AA
803,ENG,405,,2011,1,M,AA
804,ALM,101,,2010,1,E,AA
804,CENG,331,,2010,1,M,DC
804,CENG,407,,2010,1,M,BA
804,CENG,468,,2010,1,E,AA
804,CENG,487,,2010,1,M,CB
804,CENG,491,,2010,1,M,CB
804,ENG,401,,2010,1,M,AA
804,CENG,408,,2010,3,M,DD
804,CENG,442,,2010,3,M,DC
804,CENG,460,,2010,3,E,AA
804,MAN,432,,2010,3,M,BA
804,MCS,258,,2010,3,M,CC
804,CENG,300,,2010,5,M,S
805,CENG,329,,2010,1,M,DC
805,CENG,351,,2010,1,M,CB
805,CENG,353,,2010,1,M,CC
805,CENG,375,,2010,1,M,DC
805,ITAL,101,,2010,1,E,BA
805,CENG,328,,2010,3,M,FF
805,CENG,334,,2010,3,M,FF
805,CENG,344,,2010,3,M,FF
805,CENG,356,,2010,3,M,CC
805,HIST,202,,2010,3,M,BB
805,MCS,258,,2010,3,M,FD
805,CENG,300,,2010,5,M,S
805,CENG,407,,2011,1,M,BB
805,CENG,460,,2011,1,E,BA
805,CENG,468,,2011,1,E,AA
805,CENG,487,,2011,1,M,DD
805,CENG,491,,2011,1,M,DC
805,RUS,101,,2011,1,E,AA
805,ENG,405,,2011,1,M,DD
805,CENG,328,,2011,3,M,DC
805,CENG,408,,2011,3,M,AA
805,CENG,442,,2011,3,M,DC
805,MAN,432,,2011,3,M,AA
805,MCS,258,,2011,3,M,FD
805,CENG,334,,2011,3,M,FD
805,MCS,258,,2011,5,M,BB
805,CENG,334,,2011,5,M,DC
805,CENG,344,,2011,95,M,DD
806,CENG,111,,2010,1,M,BB
806,CENG,351,,2010,1,M,BB
806,CENG,407,,2010,1,M,AA
806,CENG,460,,2010,1,E,AA
806,CENG,468,,2010,1,E,AA
806,CENG,487,,2010,1,M,CC
806,CENG,491,,2010,1,M,DD
806,ENG,401,,2010,1,M,BB
806,CENG,408,,2010,3,M,AA
806,CENG,442,,2010,3,M,DC
806,CENG,466,,2010,3,E,AA
806,MAN,432,,2010,3,M,CC
807,ALM,101,,2010,1,E,AA
807,CENG,407,,2010,1,M,AA
807,CENG,460,,2010,1,E,AA
807,CENG,487,,2010,1,M,CB
807,CENG,491,,2010,1,M,CC
807,ENG,401,,2010,1,M,BA
807,ITAL,101,,2010,1,E,AA
807,SPAN,101,,2010,1,E,AA
807,CENG,408,,2010,3,M,BB
807,CENG,442,,2010,3,M,BB
807,MAN,432,,2010,3,M,AA
807,MCS,258,,2010,3,M,BA
809,CENG,329,,2010,1,M,BB
809,CENG,331,,2010,1,M,DC
809,CENG,351,,2010,1,M,CB
809,CENG,353,,2010,1,M,CB
809,CENG,375,,2010,1,M,CC
809,CENG,328,,2010,3,M,DC
809,CENG,334,,2010,3,M,DD
809,CENG,344,,2010,3,M,CB
809,CENG,356,,2010,3,M,BA
809,MCS,258,,2010,3,M,CC
809,RUS,101,,2010,3,E,AA
809,CENG,300,,2010,5,M,S
809,CENG,442,,2010,5,M,BB
809,CENG,491,,2010,5,M,AA
809,CENG,407,,2011,1,M,AA
809,CENG,460,,2011,1,E,CC
809,CENG,468,,2011,1,E,AA
809,CENG,487,,2011,1,M,CB
809,ENG,405,,2011,1,M,DC
809,CENG,408,,2011,3,M,AA
809,CENG,466,,2011,3,E,AA
809,MAN,432,,2011,3,M,BA
811,CENG,111,,2010,1,M,BA
811,CENG,329,,2010,1,M,BA
811,CENG,331,,2010,1,M,DD
811,CENG,351,,2010,1,M,BB
811,CENG,353,,2010,1,M,BB
811,CENG,375,,2010,1,M,AA
811,THEA,274,,2010,1,E,AA
811,CENG,328,,2010,3,M,AA
811,CENG,334,,2010,3,M,CC
811,CENG,344,,2010,3,M,BB
811,CENG,356,,2010,3,M,AA
811,CENG,460,,2010,3,E,AA
811,SPAN,101,,2010,3,E,AA
811,CENG,300,,2010,5,M,S
811,CENG,407,,2011,1,M,AA
811,CENG,468,,2011,1,E,AA
811,CENG,487,,2011,1,M,BA
811,CENG,491,,2011,1,M,BA
811,RUS,101,,2011,1,E,AA
811,ENG,405,,2011,1,M,BB
811,CENG,331,,2011,1,M,DD
811,CENG,114,,2011,3,M,AA
811,CENG,408,,2011,3,M,AA
811,CENG,442,,2011,3,M,AA
811,MAN,432,,2011,3,M,BA
812,CENG,111,,2010,2,M,CB
812,CENG,191,,2010,2,M,BA
812,ENG,205,,2010,2,M,CC
812,MCS,155,,2010,2,M,FD
812,MCS,205,,2010,2,M,DC
812,CENG,218,,2010,3,M,DC
812,CENG,272,,2010,3,M,DC
812,CENG,334,,2010,3,M,FF
812,HIST,202,,2010,3,M,CB
812,MCS,155,,2010,3,M,FD
812,CENG,300,,2010,5,M,S
812,CENG,331,,2010,5,M,DD
812,CENG,375,,2010,5,M,DC
812,MCS,155,,2010,5,M,DC
812,CENG,329,,2011,1,M,DD
812,CENG,407,,2011,1,M,BB
812,CENG,487,,2011,1,M,FD
812,ENG,405,,2011,1,M,DD
812,CENG,351,,2011,1,M,DD
812,CENG,353,,2011,1,M,CC
812,CENG,328,,2011,3,M,DC
812,CENG,408,,2011,3,M,AA
812,MAN,432,,2011,3,M,AA
812,CENG,356,,2011,3,M,CB
812,CENG,344,,2011,3,M,FD
812,CENG,442,,2011,5,M,DD
812,CENG,491,,2011,5,M,DD
812,CENG,334,,2011,5,M,DD
812,CENG,460,,2012,1,E,AA
812,CENG,466,,2012,1,E,CC
812,ESR,101,,2012,1,E,BA
812,PES,248,,2012,1,E,AA
812,RUS,101,,2012,1,E,AA
812,SPAN,101,,2012,1,E,CC
812,CENG,344,,2012,1,M,DD
812,CENG,487,,2012,1,M,DD
813,CENG,329,,2010,1,M,FD
813,CENG,331,,2010,1,M,DD
813,CENG,351,,2010,1,M,FF
813,CENG,353,,2010,1,M,CC
813,CENG,375,,2010,1,M,DD
813,CENG,328,,2010,3,M,FD
813,CENG,334,,2010,3,M,FF
813,CENG,344,,2010,3,M,DD
813,CENG,356,,2010,3,M,CB
813,MCS,258,,2010,3,M,DC
813,THEA,274,,2010,3,E,AA
813,CENG,300,,2010,5,M,S
813,CENG,442,,2010,5,M,BB
813,CENG,491,,2010,5,M,BA
813,CENG,329,,2011,1,M,CC
813,CENG,407,,2011,1,M,BA
813,CENG,468,,2011,1,E,AA
813,CENG,487,,2011,1,M,CC
813,ENG,405,,2011,1,M,CC
813,CENG,351,,2011,1,M,DC
813,CENG,328,,2011,3,M,DD
813,CENG,408,,2011,3,M,AA
813,CENG,466,,2011,3,E,AA
813,MAN,432,,2011,3,M,BA
813,CENG,334,,2011,3,M,DC
813,CEC,243,,2011,3,E,AA
815,ALM,101,,2010,1,E,AA
815,CENG,329,,2010,1,M,BB
815,CENG,351,,2010,1,M,BA
815,CENG,375,,2010,1,M,AA
815,PES,248,,2010,1,E,AA
815,CENG,328,,2010,3,M,BB
815,CENG,334,,2010,3,M,DD
815,CENG,344,,2010,3,M,BA
815,CENG,356,,2010,3,M,BB
815,CENG,300,,2010,5,M,S
815,CENG,407,,2011,1,M,AA
815,CENG,487,,2011,1,M,BB
815,CENG,491,,2011,1,M,BB
815,ESR,101,,2011,1,E,BB
815,PES,334,,2011,1,E,AA
815,ENG,405,,2011,1,M,BB
815,CENG,408,,2011,3,M,AA
815,CENG,442,,2011,3,M,BB
815,MAN,432,,2011,3,M,AA
815,OTT,101,,2011,3,E,AA
816,CENG,241,,2010,1,M,FF
816,CENG,353,,2010,1,M,DC
816,CENG,375,,2010,1,M,FF
816,MCS,205,,2010,1,M,CB
816,PES,243,,2010,1,E,BB
816,CENG,114,,2010,3,M,CB
816,CENG,222,,2010,3,M,DC
816,CENG,292,,2010,3,M,DD
816,MCS,258,,2010,3,M,FD
816,SPAN,101,,2010,3,E,BA
816,CENG,218,,2010,5,M,DD
816,CENG,241,,2010,5,M,DC
816,CENG,331,,2010,5,M,FD
816,CENG,329,,2011,1,M,FD
816,CENG,407,,2011,1,M,NA
816,CENG,487,,2011,1,M,FF
816,CENG,491,,2011,1,M,FF
816,ESR,101,,2011,1,E,CC
816,ENG,405,,2011,1,M,NA
816,CENG,351,,2011,1,M,FF
816,CENG,407,,2011,3,M,BB
816,CENG,442,,2011,3,M,FF
816,HIST,202,,2011,3,M,DD
816,MAN,432,,2011,3,M,AA
816,CENG,356,,2011,3,M,DD
816,CENG,344,,2011,3,M,FF
816,CENG,331,,2011,5,M,CC
816,CENG,334,,2011,5,M,BA
816,CENG,351,,2012,1,M,CC
816,CENG,408,,2012,1,M,AA
816,CENG,329,,2012,1,M,DD
816,CENG,487,,2012,1,M,DC
816,CENG,491,,2012,1,M,DD
816,RTW,405,,2012,1,M,NA
816,ALM,101,,2012,3,E,CC
816,CENG,272,,2012,3,M,DC
816,CENG,328,,2012,3,M,DD
816,CENG,394,,2012,3,E,FF
816,MCS,258,,2012,3,M,FF
816,CENG,442,,2012,3,M,CC
816,RTW,405,,2012,3,M,CB
816,INTT,403,,2012,5,E,DD
816,MCS,258,,2012,5,M,DD
816,CENG,300,,2012,5,M,S
816,MAN,214,,2012,5,E,CB
816,CENG,375,,2012,95,M,BB
816,CENG,344,,2012,95,M,DD
817,CENG,353,,2010,1,M,CB
817,CENG,407,,2010,1,M,AA
817,CENG,460,,2010,1,E,AA
817,CENG,487,,2010,1,M,DC
817,CENG,491,,2010,1,M,CC
817,ENG,401,,2010,1,M,BB
817,ITAL,101,,2010,1,E,AA
817,CENG,344,,2010,3,M,DC
817,CENG,408,,2010,3,M,AA
817,CENG,442,,2010,3,M,CB
817,MAN,432,,2010,3,M,CC
817,THEA,288,,2010,3,E,AA
818,CENG,329,,2010,1,M,AA
818,CENG,331,,2010,1,M,BB
818,CENG,351,,2010,1,M,AA
818,CENG,353,,2010,1,M,AA
818,CENG,375,,2010,1,M,AA
818,THEA,274,,2010,1,E,AA
818,CENG,300,,2010,5,M,S
818,CENG,334,,2010,11,M,S
818,CENG,442,,2010,11,M,S
818,MAN,432,,2010,11,M,S
818,CHIN,101,,2010,11,E,S
818,CENG,407,,2011,1,M,AA
818,CENG,460,,2011,1,E,AA
818,CENG,468,,2011,1,E,AA
818,CENG,487,,2011,1,M,AA
818,CENG,491,,2011,1,M,AA
818,ENG,405,,2011,1,M,AA
818,CENG,328,,2011,3,M,AA
818,CENG,408,,2011,3,M,AA
818,CENG,356,,2011,3,M,AA
818,CENG,344,,2011,3,M,AA
819,CENG,241,,2010,1,M,FF
819,CENG,329,,2010,1,M,DC
819,CENG,351,,2010,1,M,DD
819,CENG,353,,2010,1,M,CC
819,CENG,375,,2010,1,M,FD
819,CENG,218,,2010,3,M,FD
819,CENG,334,,2010,3,M,DD
819,CENG,356,,2010,3,M,CB
819,HIST,202,,2010,3,M,BA
819,MCS,258,,2010,3,M,FD
819,CENG,241,,2010,5,M,DC
819,CENG,300,,2010,5,M,S
819,CENG,375,,2010,5,M,CC
819,MCS,258,,2010,5,M,BB
819,CENG,407,,2011,1,M,BA
819,CENG,460,,2011,1,E,BA
819,CENG,487,,2011,1,M,DD
819,CENG,491,,2011,1,M,DD
819,ESR,101,,2011,1,E,BB
819,PES,235,,2011,1,E,AA
819,ITAL,101,,2011,1,E,AA
819,ENG,405,,2011,1,M,DC
819,CENG,331,,2011,1,M,CC
819,CENG,328,,2011,3,M,FD
819,CENG,408,,2011,3,M,BA
819,CENG,442,,2011,3,M,CB
819,CENG,466,,2011,3,E,AA
819,MAN,432,,2011,3,M,AA
819,PES,250,,2011,3,E,AA
819,SPAN,101,,2011,3,E,BB
819,CENG,344,,2011,3,M,DD
819,CENG,218,,2011,93,M,DD
819,CENG,328,,2011,93,M,DD
820,CENG,241,,2010,1,M,DD
820,CENG,329,,2010,1,M,CC
820,CENG,331,,2010,1,M,DD
820,CENG,351,,2010,1,M,CB
820,CENG,353,,2010,1,M,CC
820,CENG,375,,2010,1,M,CB
820,THEA,270,,2010,1,E,AA
820,CENG,218,,2010,3,M,FF
820,CENG,328,,2010,3,M,FF
820,CENG,334,,2010,3,M,DD
820,CENG,344,,2010,3,M,FD
820,CENG,356,,2010,3,M,DC
820,SPAN,101,,2010,3,E,DC
820,CENG,218,,2010,5,M,AA
820,CENG,300,,2010,5,M,S
820,CENG,442,,2010,5,M,BB
820,CENG,491,,2010,5,M,BB
820,CENG,407,,2011,1,M,AA
820,CENG,460,,2011,1,E,AA
820,CENG,468,,2011,1,E,AA
820,CENG,487,,2011,1,M,CC
820,RUS,101,,2011,1,E,AA
820,SPAN,101,,2011,1,E,AA
820,ENG,405,,2011,1,M,BA
820,CENG,331,,2011,1,M,CC
820,CENG,114,,2011,3,M,CB
820,CENG,328,,2011,3,M,DC
820,CENG,408,,2011,3,M,BA
820,CENG,466,,2011,3,E,AA
820,MAN,432,,2011,3,M,BA
820,CENG,356,,2011,3,M,AA
820,CENG,344,,2011,3,M,DD
821,CENG,277,,2010,1,M,BB
821,CENG,329,,2010,1,M,CB
821,CENG,331,,2010,1,M,DC
821,CENG,351,,2010,1,M,BB
821,CENG,353,,2010,1,M,CB
821,CENG,375,,2010,1,M,AA
821,CENG,328,,2010,3,M,BA
821,CENG,334,,2010,3,M,CC
821,CENG,344,,2010,3,M,CB
821,CENG,356,,2010,3,M,BB
821,CENG,460,,2010,3,E,AA
821,MCS,156,,2010,3,M,BA
821,ITAL,101,,2010,3,E,AA
821,CENG,300,,2010,5,M,S
821,CENG,241,,2011,1,M,BA
821,CENG,407,,2011,1,M,AA
821,CENG,487,,2011,1,M,CB
821,CENG,491,,2011,1,M,BA
821,RUS,101,,2011,1,E,AA
821,ENG,405,,2011,1,M,BB
821,CENG,331,,2011,1,M,DC
821,CENG,218,,2011,3,M,AA
821,CENG,408,,2011,3,M,AA
821,CENG,442,,2011,3,M,AA
821,CENG,466,,2011,3,E,AA
821,MAN,432,,2011,3,M,BA
821,TURK,102,,2011,3,M,AA
821,THEA,270,,2011,3,E,AA
822,CENG,329,,2010,1,M,BB
822,CENG,331,,2010,1,M,CC
822,CENG,351,,2010,1,M,BA
822,CENG,353,,2010,1,M,BA
822,CENG,375,,2010,1,M,AA
822,ALM,101,,2010,3,E,NA
822,CENG,328,,2010,3,M,BA
822,CENG,334,,2010,3,M,DD
822,CENG,344,,2010,3,M,BA
822,CENG,356,,2010,3,M,BA
822,PES,248,,2010,3,E,AA
822,CENG,300,,2010,5,M,S
822,CENG,407,,2011,1,M,AA
822,CENG,460,,2011,1,E,AA
822,CENG,487,,2011,1,M,BA
822,CENG,491,,2011,1,M,BA
822,ESR,101,,2011,1,E,BA
822,SPAN,101,,2011,1,E,BA
822,ENG,405,,2011,1,M,AA
822,CENG,408,,2011,3,M,AA
822,CENG,442,,2011,3,M,BB
822,CENG,466,,2011,3,E,AA
822,MAN,432,,2011,3,M,BB
822,PES,244,,2011,3,E,BA
823,CENG,329,,2010,1,M,CC
823,CENG,331,,2010,1,M,DD
823,CENG,351,,2010,1,M,BA
823,CENG,375,,2010,1,M,DC
823,MCS,205,,2010,1,M,CC
823,CENG,272,,2010,3,M,DD
823,CENG,328,,2010,3,M,FD
823,CENG,334,,2010,3,M,DD
823,CENG,344,,2010,3,M,DC
823,CENG,356,,2010,3,M,BA
823,MCS,258,,2010,3,M,FD
823,THEA,280,,2010,3,E,AA
823,CENG,200,,2010,5,M,S
823,CENG,407,,2011,1,M,BA
823,CENG,460,,2011,1,E,BA
823,CENG,487,,2011,1,M,DC
823,CENG,491,,2011,1,M,CC
823,RUS,101,,2011,1,E,AA
823,SPAN,101,,2011,1,E,CB
823,ENG,405,,2011,1,M,DC
823,CENG,353,,2011,1,M,CC
823,CENG,328,,2011,3,M,CC
823,CENG,394,,2011,3,E,AA
823,CENG,408,,2011,3,M,AA
823,CENG,442,,2011,3,M,DC
823,MAN,432,,2011,3,M,BB
823,MCS,258,,2011,3,M,FD
823,PES,250,,2011,3,E,AA
823,RUS,102,,2011,3,E,AA
823,CENG,300,,2011,5,M,S
823,MCS,258,,2011,93,M,BB
824,CENG,329,,2010,1,M,AA
824,CENG,331,,2010,1,M,CC
824,CENG,351,,2010,1,M,AA
824,CENG,375,,2010,1,M,BB
824,CENG,328,,2010,3,M,BA
824,CENG,334,,2010,3,M,DD
824,CENG,344,,2010,3,M,BB
824,CENG,356,,2010,3,M,BB
824,CENG,300,,2010,5,M,S
824,CENG,442,,2010,5,M,BB
824,CENG,491,,2010,5,M,AA
824,CENG,111,,2011,1,M,AA
824,CENG,407,,2011,1,M,AA
824,CENG,468,,2011,1,E,AA
824,CENG,487,,2011,1,M,CB
824,THEA,280,,2011,1,E,AA
824,ENG,405,,2011,1,M,BB
824,CENG,218,,2011,3,M,BA
824,CENG,408,,2011,3,M,AA
824,CENG,466,,2011,3,E,AA
824,MAN,432,,2011,3,M,AA
824,PES,248,,2011,3,E,AA
824,THEA,290,,2011,3,E,AA
825,CENG,241,,2010,1,M,FF
825,CENG,329,,2010,1,M,BB
825,CENG,353,,2010,1,M,DD
825,ENG,115,,2010,1,M,U
825,MCS,205,,2010,1,M,DC
825,PES,235,,2010,1,E,BA
825,CENG,114,,2010,3,M,CB
825,CENG,292,,2010,3,M,FF
825,MCS,156,,2010,3,M,FD
825,MCS,258,,2010,3,M,FF
825,CENG,218,,2010,5,M,DC
825,MCS,156,,2010,5,M,BB
825,MCS,258,,2010,5,M,CC
825,CENG,241,,2011,1,M,DD
825,CENG,491,,2011,1,M,FD
825,ENG,115,,2011,1,M,S
825,ENG,405,,2011,1,M,FF
825,CENG,331,,2011,1,M,DD
825,CENG,351,,2011,1,M,FD
825,CENG,375,,2011,1,M,FF
825,CENG,272,,2011,3,M,CB
825,CENG,292,,2011,3,M,CC
825,CENG,466,,2011,3,E,AA
825,CENG,356,,2011,3,M,CC
825,CENG,344,,2011,3,M,DC
825,CENG,442,,2011,5,M,CC
825,CENG,491,,2011,5,M,CC
825,CENG,334,,2011,5,M,FF
825,CENG,300,,2011,5,M,S
825,PES,250,,2012,1,E,AA
825,RUS,102,,2012,1,E,AA
825,OTT,101,,2012,1,E,AA
825,CENG,351,,2012,1,M,CB
825,CENG,375,,2012,1,M,CC
825,CENG,407,,2012,1,M,CB
825,CENG,487,,2012,1,M,DC
825,RTW,405,,2012,1,M,DD
825,CENG,328,,2012,3,M,CC
825,CENG,560,,2012,3,E,AA
825,CENG,334,,2012,3,M,DD
825,CENG,408,,2012,3,M,BB
825,MAN,432,,2012,3,M,DC
826,CENG,241,,2010,1,M,FF
826,CENG,329,,2010,1,M,CC
826,CENG,331,,2010,1,M,FF
826,CENG,351,,2010,1,M,FD
826,CENG,353,,2010,1,M,DD
826,CENG,375,,2010,1,M,FF
826,SPAN,101,,2010,1,E,BB
826,CENG,218,,2010,3,M,FD
826,CENG,292,,2010,3,M,DD
826,CENG,328,,2010,3,M,FD
826,CENG,334,,2010,3,M,FF
826,CENG,344,,2010,3,M,FD
826,CENG,356,,2010,3,M,CC
826,CENG,460,,2010,3,E,AA
826,CENG,218,,2010,5,M,CB
826,CENG,300,,2010,5,M,S
826,CENG,331,,2010,5,M,DD
826,CENG,442,,2010,5,M,CC
826,CENG,241,,2011,1,M,DC
826,CENG,407,,2011,1,M,BA
826,CENG,468,,2011,1,E,AA
826,CENG,487,,2011,1,M,DC
826,CENG,491,,2011,1,M,DC
826,ENG,405,,2011,1,M,CC
826,CENG,351,,2011,1,M,DD
826,CENG,375,,2011,1,M,FD
826,CENG,328,,2011,3,M,DC
826,CENG,408,,2011,3,M,BA
826,MAN,432,,2011,3,M,BA
826,THEA,274,,2011,3,E,BB
826,CENG,334,,2011,3,M,DD
826,CENG,344,,2011,3,M,DD
826,CEC,243,,2011,3,E,AA
826,CENG,375,,2011,93,M,DD
827,CENG,241,,2010,1,M,DD
827,CENG,329,,2010,1,M,BA
827,CENG,331,,2010,1,M,FD
827,CENG,351,,2010,1,M,BB
827,CENG,353,,2010,1,M,BA
827,CENG,375,,2010,1,M,CC
827,THEA,270,,2010,1,E,AA
827,CENG,218,,2010,3,M,FD
827,CENG,328,,2010,3,M,CC
827,CENG,334,,2010,3,M,FD
827,CENG,344,,2010,3,M,FD
827,CENG,356,,2010,3,M,BB
827,CENG,466,,2010,3,E,AA
827,MCS,258,,2010,3,M,CC
827,CENG,218,,2010,5,M,AA
827,CENG,300,,2010,5,M,S
827,CENG,442,,2010,5,M,CB
827,CENG,407,,2011,1,M,AA
827,CENG,460,,2011,1,E,BA
827,CENG,487,,2011,1,M,BA
827,CENG,491,,2011,1,M,BB
827,RUS,101,,2011,1,E,AA
827,ENG,405,,2011,1,M,AA
827,CENG,331,,2011,1,M,BA
827,CENG,114,,2011,3,M,AA
827,CENG,408,,2011,3,M,AA
827,MAN,432,,2011,3,M,AA
827,MCS,156,,2011,3,M,CC
827,CENG,334,,2011,3,M,BA
827,CENG,344,,2011,3,M,CB
828,CENG,277,,2010,1,M,BB
828,CENG,329,,2010,1,M,CB
828,CENG,331,,2010,1,M,DD
828,CENG,351,,2010,1,M,AA
828,CENG,353,,2010,1,M,BA
828,CENG,375,,2010,1,M,BA
828,CENG,328,,2010,3,M,BA
828,CENG,334,,2010,3,M,BB
828,CENG,344,,2010,3,M,AA
828,CENG,356,,2010,3,M,BB
828,CENG,460,,2010,3,E,AA
828,PES,248,,2010,3,E,AA
828,ITAL,101,,2010,3,E,AA
828,CENG,300,,2010,5,M,S
828,CENG,331,,2010,5,M,CB
828,CENG,491,,2010,5,M,BB
828,CENG,407,,2011,1,M,AA
828,CENG,468,,2011,1,E,AA
828,CENG,487,,2011,1,M,BB
828,ENG,405,,2011,1,M,CB
828,CENG,331,,2011,1,M,CB
828,CEC,243,,2011,1,E,BA
828,CENG,408,,2011,3,M,AA
828,CENG,442,,2011,3,M,AA
828,MAN,432,,2011,3,M,BA
828,THEA,270,,2011,3,E,AA
829,CENG,329,,2010,1,M,CC
829,CENG,331,,2010,1,M,DD
829,CENG,351,,2010,1,M,CC
829,CENG,353,,2010,1,M,BA
829,CENG,375,,2010,1,M,BB
829,ITAL,101,,2010,1,E,BA
829,CENG,328,,2010,3,M,CC
829,CENG,334,,2010,3,M,DD
829,CENG,344,,2010,3,M,CC
829,CENG,356,,2010,3,M,BA
829,MAN,432,,2010,3,M,BB
829,SPAN,101,,2010,3,E,W
829,CENG,300,,2010,5,M,S
829,CENG,407,,2011,1,M,BB
829,CENG,460,,2011,1,E,BA
829,CENG,468,,2011,1,E,AA
829,CENG,487,,2011,1,M,CB
829,CENG,491,,2011,1,M,CC
829,RUS,101,,2011,1,E,AA
829,ENG,405,,2011,1,M,CB
829,CENG,408,,2011,3,M,AA
829,CENG,442,,2011,3,M,CB
829,RUS,102,,2011,3,E,AA
830,CENG,331,,2010,1,M,DD
830,CENG,351,,2010,1,M,CC
830,CENG,375,,2010,1,M,FF
830,ECE,281,,2010,1,M,NA
830,MCS,205,,2010,1,M,FD
830,CENG,218,,2010,4,M,FF
830,CENG,222,,2010,4,M,DC
830,CENG,272,,2010,4,M,FF
830,CENG,292,,2010,4,M,NA
830,MCS,258,,2010,4,M,FF
830,CENG,241,,2011,2,M,BB
830,ECE,281,,2011,2,M,FF
830,MCS,205,,2011,2,M,FF
830,CENG,331,,2011,2,M,FD
830,CENG,375,,2011,2,M,FF
830,CENG,218,,2011,4,M,DC
830,CENG,272,,2011,4,M,FF
830,CENG,292,,2011,4,M,FF
830,MCS,205,,2011,4,M,DD
830,MCS,258,,2011,4,M,FF
830,MCS,258,,2012,2,M,CC
830,CENG,331,,2012,2,M,DC
830,CENG,375,,2012,2,M,CB
830,ECE,281,,2012,2,M,DD
830,CENG,272,,2012,3,M,DC
830,CENG,334,,2012,3,M,NA
830,CENG,356,,2012,3,M,BB
830,CENG,292,,2012,3,M,CC
830,CENG,200,,2012,5,M,S
830,CENG,328,,2012,5,M,DD
830,CENG,334,,2012,5,M,BA
830,CENG,491,,2012,5,M,CB
830,CENG,464,,2013,1,E,BB
830,CENG,344,,2013,1,M,CB
830,CENG,329,,2013,1,M,DC
830,CENG,487,,2013,1,M,CB
830,RTW,405,,2013,1,M,BB
830,CENG,407,,2013,1,M,AA
830,CENG,394,,2013,3,E,BB
830,CENG,435,,2013,3,E,BA
830,ESR,101,,2013,3,E,CB
830,MAN,432,,2013,3,M,BB
830,CENG,353,,2013,3,M,BB
830,CENG,442,,2013,3,M,DD
830,PES,323,,2013,3,E,AA
830,CENG,408,,2013,3,M,CB
830,CENG,361,,2013,3,E,CB
830,CENG,300,,2013,5,M,S
831,CENG,331,,2010,1,M,DC
831,CENG,353,,2010,1,M,CC
831,CENG,407,,2010,1,M,AA
831,CENG,468,,2010,1,E,AA
831,CENG,487,,2010,1,M,CC
831,CENG,491,,2010,1,M,CC
831,ENG,401,,2010,1,M,CC
831,THEA,280,,2010,1,E,AA
831,CENG,408,,2010,3,M,BA
831,CENG,442,,2010,3,M,CC
831,MAN,432,,2010,3,M,CC
831,THEA,272,,2010,3,E,W
832,CENG,241,,2010,2,M,DD
832,ECE,281,,2010,2,M,DC
832,ENG,115,,2010,2,M,S
832,HIST,201,,2010,2,M,DC
832,MCS,205,,2010,2,M,CC
832,PHYS,111,,2010,2,M,DD
832,CENG,114,,2010,4,M,BB
832,CENG,218,,2010,4,M,DC
832,HIST,202,,2010,4,M,CB
832,MCS,156,,2010,4,M,CC
832,MCS,258,,2010,4,M,CB
832,CENG,300,,2010,6,M,S
832,CENG,331,,2010,6,M,DD
832,CENG,442,,2010,6,M,BB
832,CENG,491,,2010,6,M,BB
832,ALM,101,,2011,1,E,CB
832,CENG,329,,2011,1,M,DC
832,CENG,460,,2011,1,E,BB
832,CENG,487,,2011,1,M,DD
832,CENG,351,,2011,1,M,FF
832,CENG,375,,2011,1,M,CC
832,CENG,353,,2011,1,M,CC
832,CENG,328,,2011,3,M,DD
832,MAN,432,,2011,3,M,BB
832,CENG,334,,2011,3,M,FD
832,CENG,356,,2011,3,M,CB
832,CENG,344,,2011,3,M,DD
832,ENG,405,,2011,5,M,CB
832,CENG,334,,2011,5,M,BB
832,CENG,466,,2012,1,E,CC
832,ESR,101,,2012,1,E,BA
832,THEA,270,,2012,1,E,AA
832,CENG,351,,2012,1,M,CC
832,CEC,200,,2012,1,E,AA
832,CENG,407,,2012,1,M,AA
832,THEA,274,,2012,3,E,AA
832,CENG,408,,2012,3,M,AA
833,CENG,329,,2010,1,M,AA
833,CENG,331,,2010,1,M,AA
833,CENG,351,,2010,1,M,AA
833,CENG,353,,2010,1,M,AA
833,CENG,375,,2010,1,M,AA
833,THEA,274,,2010,1,E,AA
833,CENG,328,,2010,3,M,AA
833,CENG,334,,2010,3,M,BB
833,CENG,344,,2010,3,M,BA
833,CENG,356,,2010,3,M,AA
833,CENG,460,,2010,3,E,AA
833,CENG,300,,2010,5,M,S
833,CENG,407,,2011,1,M,AA
833,CENG,468,,2011,1,E,AA
833,CENG,487,,2011,1,M,AA
833,CENG,491,,2011,1,M,AA
833,ENG,405,,2011,1,M,AA
833,CENG,114,,2011,3,M,AA
833,CENG,408,,2011,3,M,AA
833,CENG,442,,2011,3,M,AA
833,MAN,432,,2011,3,M,AA
833,RUS,101,,2011,3,E,AA
834,CENG,241,,2010,1,M,BB
834,CENG,329,,2010,1,M,CC
834,CENG,331,,2010,1,M,DC
834,CENG,351,,2010,1,M,BB
834,CENG,353,,2010,1,M,BA
834,CENG,375,,2010,1,M,BB
834,SPAN,101,,2010,1,E,AA
834,CENG,218,,2010,3,M,CB
834,CENG,328,,2010,3,M,CC
834,CENG,334,,2010,3,M,DC
834,CENG,344,,2010,3,M,CB
834,CENG,356,,2010,3,M,BA
834,CENG,460,,2010,3,E,AA
834,THEA,274,,2010,3,E,AA
834,CENG,300,,2010,5,M,S
834,CENG,111,,2011,1,M,AA
834,CENG,407,,2011,1,M,AA
834,CENG,468,,2011,1,E,AA
834,CENG,487,,2011,1,M,BB
834,CENG,491,,2011,1,M,BA
834,THEA,270,,2011,1,E,AA
834,ENG,405,,2011,1,M,BB
834,CENG,408,,2011,3,M,AA
834,CENG,442,,2011,3,M,AA
834,MAN,432,,2011,3,M,AA
834,PES,246,,2011,3,E,AA
835,CENG,329,,2010,1,M,BA
835,CENG,331,,2010,1,M,BA
835,CENG,351,,2010,1,M,AA
835,CENG,353,,2010,1,M,AA
835,CENG,375,,2010,1,M,AA
835,ITAL,101,,2010,1,E,AA
835,CENG,328,,2010,3,M,BA
835,CENG,334,,2010,3,M,BB
835,CENG,344,,2010,3,M,BA
835,CENG,356,,2010,3,M,AA
835,CENG,442,,2010,3,M,AA
835,CENG,460,,2010,3,E,AA
835,MAN,432,,2010,3,M,BA
835,CENG,300,,2010,5,M,S
835,CENG,407,,2011,1,M,AA
835,CENG,408,,2011,1,M,AA
835,CENG,468,,2011,1,E,AA
835,CENG,487,,2011,1,M,AA
835,CENG,491,,2011,1,M,BA
835,PES,248,,2011,1,E,AA
835,RUS,101,,2011,1,E,AA
835,ENG,405,,2011,1,M,AA
836,CENG,218,,2010,3,M,BB
836,CENG,222,,2010,3,M,AA
836,CENG,272,,2010,3,M,CC
836,HIST,202,,2010,3,M,BB
836,PHYS,112,,2010,3,M,CB
836,CENG,329,,2011,1,M,CC
836,MCS,155,,2011,1,M,CC
836,MCS,205,,2011,1,M,BB
836,CENG,331,,2011,1,M,CB
836,CENG,351,,2011,1,M,DC
836,CENG,375,,2011,1,M,CB
836,CENG,353,,2011,1,M,CC
836,CENG,328,,2011,3,M,CB
836,MCS,258,,2011,3,M,CC
836,CENG,334,,2011,3,M,DD
836,CENG,356,,2011,3,M,CC
836,CENG,344,,2011,3,M,BB
836,CEC,238,,2011,3,E,AA
836,CENG,300,,2011,5,M,S
836,ALM,101,,2012,1,E,BB
836,CENG,460,,2012,1,E,AA
836,CEC,206,,2012,1,E,AA
836,CENG,407,,2012,1,M,AA
836,CENG,487,,2012,1,M,CB
836,CENG,491,,2012,1,M,AA
836,RTW,405,,2012,1,M,BA
836,CENG,435,,2012,3,E,AA
836,ESR,101,,2012,3,E,AA
836,THEA,267,,2012,3,E,BA
836,CENG,408,,2012,3,M,AA
836,MAN,432,,2012,3,M,CB
836,CENG,442,,2012,3,M,BA
837,CENG,353,,2010,1,M,AA
837,CENG,407,,2010,1,M,AA
837,CENG,408,,2010,1,M,AA
837,CENG,468,,2010,1,E,AA
837,CENG,471,,2010,1,E,AA
837,CENG,487,,2010,1,M,AA
837,CENG,491,,2010,1,M,AA
837,ENG,401,,2010,1,M,BA
838,CENG,407,,2010,1,M,AA
838,CENG,408,,2010,1,M,AA
838,CENG,460,,2010,1,E,AA
838,CENG,487,,2010,1,M,CC
838,CENG,491,,2010,1,M,DC
838,ENG,401,,2010,1,M,BB
839,CENG,329,,2010,1,M,BB
839,CENG,331,,2010,1,M,CC
839,CENG,351,,2010,1,M,BA
839,CENG,353,,2010,1,M,BA
839,CENG,375,,2010,1,M,AA
839,THEA,274,,2010,1,E,AA
839,CENG,328,,2010,3,M,AA
839,CENG,334,,2010,3,M,BB
839,CENG,344,,2010,3,M,BA
839,CENG,356,,2010,3,M,AA
839,CENG,460,,2010,3,E,AA
839,SPAN,101,,2010,3,E,AA
839,CENG,300,,2010,5,M,S
839,CENG,407,,2011,1,M,AA
839,CENG,468,,2011,1,E,AA
839,CENG,487,,2011,1,M,AA
839,CENG,491,,2011,1,M,AA
839,ENG,405,,2011,1,M,AA
839,CENG,408,,2011,3,M,AA
839,CENG,442,,2011,3,M,AA
839,MAN,432,,2011,3,M,AA
839,RUS,101,,2011,3,E,AA
840,CENG,329,,2010,1,M,FF
840,CENG,331,,2010,1,M,DC
840,CENG,351,,2010,1,M,CB
840,CENG,353,,2010,1,M,CC
840,CENG,375,,2010,1,M,CC
840,CENG,272,,2010,3,M,CB
840,CENG,328,,2010,3,M,DD
840,CENG,334,,2010,3,M,DC
840,CENG,356,,2010,3,M,DC
840,MCS,258,,2010,3,M,FD
840,CENG,300,,2010,5,M,S
840,CENG,442,,2010,5,M,CB
840,CENG,491,,2010,5,M,BB
840,MCS,258,,2010,5,M,CB
840,CENG,329,,2011,1,M,DC
840,CENG,407,,2011,1,M,BA
840,CENG,487,,2011,1,M,DC
840,ESR,101,,2011,1,E,CC
840,ITAL,101,,2011,1,E,AA
840,RUS,101,,2011,1,E,NA
840,SPAN,101,,2011,1,E,BB
840,THEA,251,,2011,1,E,FF
840,ENG,405,,2011,1,M,DC
840,CENG,394,,2011,3,E,AA
840,CENG,408,,2011,3,M,AA
840,CENG,466,,2011,3,E,AA
840,MAN,432,,2011,3,M,AA
840,THEA,270,,2011,3,E,AA
840,CENG,344,,2011,3,M,CC
840,CEC,243,,2011,3,E,BA
841,CENG,111,,2010,1,M,AA
841,CENG,329,,2010,1,M,BA
841,CENG,331,,2010,1,M,BA
841,CENG,351,,2010,1,M,BA
841,CENG,353,,2010,1,M,AA
841,CENG,375,,2010,1,M,AA
841,THEA,270,,2010,1,E,AA
841,CENG,328,,2010,3,M,BA
841,CENG,334,,2010,3,M,DD
841,CENG,344,,2010,3,M,BB
841,CENG,356,,2010,3,M,AA
841,CENG,300,,2010,5,M,S
841,CENG,407,,2011,1,M,AA
841,CENG,460,,2011,1,E,AA
841,CENG,468,,2011,1,E,AA
841,CENG,487,,2011,1,M,AA
841,CENG,491,,2011,1,M,BB
841,ESR,101,,2011,1,E,AA
841,ENG,405,,2011,1,M,AA
841,CENG,408,,2011,3,M,BA
841,CENG,442,,2011,3,M,BA
841,MAN,432,,2011,3,M,AA
841,CENG,334,,2011,3,M,AA
843,CENG,329,,2010,1,M,BA
843,CENG,331,,2010,1,M,DD
843,CENG,351,,2010,1,M,BB
843,CENG,353,,2010,1,M,BB
843,CENG,375,,2010,1,M,CB
843,SPAN,101,,2010,1,E,AA
843,CENG,272,,2010,3,M,BB
843,CENG,328,,2010,3,M,CC
843,CENG,334,,2010,3,M,DC
843,CENG,344,,2010,3,M,DC
843,CENG,356,,2010,3,M,BB
843,CENG,460,,2010,3,E,AA
843,THEA,274,,2010,3,E,AA
843,CENG,300,,2010,5,M,S
843,CENG,442,,2011,0,M,S
843,CENG,407,,2011,1,M,AA
843,CENG,408,,2011,1,M,BA
843,CENG,468,,2011,1,E,AA
843,CENG,487,,2011,1,M,CB
843,CENG,491,,2011,1,M,BA
843,ESR,101,,2011,1,E,CB
843,MAN,102,,2011,1,M,CB
843,ENG,405,,2011,1,M,AA
844,CENG,329,,2010,1,M,BB
844,CENG,331,,2010,1,M,DD
844,CENG,351,,2010,1,M,CC
844,CENG,353,,2010,1,M,BB
844,CENG,375,,2010,1,M,CC
844,INAR,350,,2010,1,E,AA
844,CENG,328,,2010,3,M,DD
844,CENG,334,,2010,3,M,FD
844,CENG,344,,2010,3,M,CC
844,CENG,356,,2010,3,M,DC
844,CENG,460,,2010,3,E,AA
844,CENG,466,,2010,3,E,AA
844,MAN,432,,2010,3,M,DC
844,CENG,300,,2010,5,M,S
844,CENG,442,,2010,5,M,CB
844,CENG,491,,2010,5,M,BA
844,CENG,407,,2011,1,M,BA
844,CENG,408,,2011,1,M,BB
844,CENG,468,,2011,1,E,AA
844,CENG,487,,2011,1,M,CC
844,ENG,405,,2011,1,M,CB
844,CENG,334,,2011,91,M,DC
845,CENG,329,,2010,1,M,BB
845,CENG,331,,2010,1,M,FF
845,CENG,351,,2010,1,M,DC
845,MCS,205,,2010,1,M,FD
845,THEA,267,,2010,1,E,AA
845,CENG,272,,2010,3,M,FF
845,CENG,334,,2010,3,M,FD
845,CENG,344,,2010,3,M,FD
845,CENG,356,,2010,3,M,FD
845,ENG,116,,2010,3,M,S
845,HIST,202,,2010,3,M,CC
845,CENG,331,,2010,5,M,DC
845,CENG,375,,2010,5,M,DC
845,CENG,491,,2010,5,M,BB
845,CENG,407,,2011,1,M,AA
845,CENG,460,,2011,1,E,CB
845,CENG,487,,2011,1,M,DD
845,ESR,101,,2011,1,E,BB
845,MCS,205,,2011,1,M,DD
845,ENG,405,,2011,1,M,DD
845,CENG,353,,2011,1,M,FD
845,CENG,328,,2011,3,M,FD
845,CENG,408,,2011,3,M,AA
845,CENG,442,,2011,3,M,BB
845,MAN,432,,2011,3,M,BA
845,CENG,334,,2011,3,M,DD
845,CENG,344,,2011,3,M,DC
845,CENG,328,,2011,5,M,CC
845,CENG,300,,2011,5,M,S
845,CENG,466,,2012,1,E,CB
845,PES,250,,2012,1,E,AA
845,ITAL,101,,2012,1,E,BA
845,CENG,353,,2012,1,M,DD
845,CENG,272,,2012,91,M,BB
845,CENG,356,,2012,91,M,DD
847,CENG,277,,2010,1,M,BB
847,CENG,329,,2010,1,M,BB
847,CENG,331,,2010,1,M,BB
847,CENG,351,,2010,1,M,AA
847,CENG,353,,2010,1,M,BA
847,CENG,375,,2010,1,M,AA
847,CENG,328,,2010,3,M,AA
847,CENG,334,,2010,3,M,BA
847,CENG,344,,2010,3,M,BA
847,CENG,356,,2010,3,M,BA
847,CENG,460,,2010,3,E,AA
847,ITAL,101,,2010,3,E,AA
847,CENG,300,,2010,5,M,S
847,CENG,407,,2011,1,M,AA
847,CENG,487,,2011,1,M,BA
847,CENG,491,,2011,1,M,AA
847,PES,248,,2011,1,E,AA
847,ENG,405,,2011,1,M,BA
847,CEC,243,,2011,1,E,AA
847,CENG,218,,2011,3,M,AA
847,CENG,408,,2011,3,M,AA
847,CENG,442,,2011,3,M,AA
847,CENG,466,,2011,3,E,AA
847,MAN,432,,2011,3,M,BA
847,TURK,102,,2011,3,M,AA
847,THEA,270,,2011,3,E,AA
849,CENG,351,,2010,1,M,CB
849,CENG,407,,2010,1,M,AA
849,CENG,468,,2010,1,E,AA
849,CENG,487,,2010,1,M,CC
849,ENG,401,,2010,1,M,DD
849,THEA,280,,2010,1,E,AA
849,CENG,328,,2010,3,M,DD
849,CENG,334,,2010,3,M,DD
849,CENG,408,,2010,3,M,BB
849,CENG,442,,2010,3,M,DD
849,CENG,460,,2010,3,E,AA
849,MAN,432,,2010,3,M,CC
849,MCS,258,,2010,3,M,DD
849,SPAN,101,,2010,3,E,CC
849,CENG,331,,2010,5,M,CB
849,CENG,491,,2010,5,M,BB
849,CENG,331,,2010,93,M,FD
849,CENG,491,,2010,93,M,FF
850,CENG,111,,2010,1,M,BB
850,CENG,329,,2010,1,M,BA
850,CENG,331,,2010,1,M,CC
850,CENG,351,,2010,1,M,BA
850,CENG,353,,2010,1,M,BA
850,CENG,375,,2010,1,M,BB
850,THEA,274,,2010,1,E,AA
850,CENG,328,,2010,3,M,BB
850,CENG,334,,2010,3,M,DD
850,CENG,344,,2010,3,M,BB
850,CENG,356,,2010,3,M,AA
850,CENG,460,,2010,3,E,AA
850,CENG,300,,2010,5,M,S
850,CENG,407,,2011,1,M,AA
850,CENG,468,,2011,1,E,AA
850,CENG,487,,2011,1,M,BA
850,CENG,491,,2011,1,M,BB
850,ENG,405,,2011,1,M,BA
850,CENG,408,,2011,3,M,AA
850,CENG,442,,2011,3,M,BA
850,CENG,466,,2011,3,E,AA
850,MAN,432,,2011,3,M,AA
851,CENG,331,,2010,1,M,DD
851,CENG,351,,2010,1,M,CB
851,CENG,375,,2010,1,M,DD
851,CENG,487,,2010,1,M,CC
851,MCS,205,,2010,1,M,DD
851,PES,248,,2010,1,E,AA
851,SPAN,101,,2010,1,E,CC
851,CENG,300,,2010,5,M,S
851,CENG,442,,2010,5,M,BA
851,CENG,491,,2010,5,M,BB
851,CENG,328,,2010,11,M,S
851,CENG,334,,2010,11,M,S
851,CENG,356,,2010,11,M,S
851,CENG,407,,2010,11,M,S
851,MCS,258,,2010,11,M,S
851,CENG,460,,2011,1,E,BA
851,ESR,101,,2011,1,E,CB
851,ENG,405,,2011,1,M,CB
851,CEC,301,,2011,1,E,CB
851,CENG,408,,2011,3,M,AA
851,MAN,214,,2011,3,E,CB
851,MAN,432,,2011,3,M,BB
851,PES,225,,2011,3,E,BA
852,CENG,329,,2010,1,M,DC
852,CENG,331,,2010,1,M,DD
852,CENG,351,,2010,1,M,CC
852,CENG,353,,2010,1,M,CB
852,CENG,375,,2010,1,M,BA
852,ITAL,101,,2010,1,E,BA
852,CENG,218,,2010,3,M,CC
852,CENG,328,,2010,3,M,DC
852,CENG,334,,2010,3,M,DD
852,CENG,344,,2010,3,M,CC
852,CENG,356,,2010,3,M,BA
852,CENG,442,,2010,3,M,CB
852,MAN,432,,2010,3,M,CB
852,CENG,300,,2010,5,M,S
852,CENG,491,,2010,5,M,AA
852,MCS,156,,2010,5,M,AA
852,CENG,407,,2011,1,M,AA
852,CENG,408,,2011,1,M,BA
852,CENG,460,,2011,1,E,BA
852,CENG,468,,2011,1,E,AA
852,CENG,487,,2011,1,M,CC
852,RUS,101,,2011,1,E,AA
852,ENG,405,,2011,1,M,CB
853,CENG,241,,2010,1,M,FF
853,CENG,329,,2010,1,M,DC
853,CENG,331,,2010,1,M,DD
853,CENG,353,,2010,1,M,CB
853,MCS,205,,2010,1,M,DD
853,CENG,218,,2010,3,M,FD
853,CENG,222,,2010,3,M,CB
853,CENG,272,,2010,3,M,FF
853,CENG,292,,2010,3,M,CB
853,MCS,258,,2010,3,M,FF
853,CENG,218,,2010,5,M,BA
853,CENG,300,,2010,5,M,S
853,MCS,156,,2010,5,M,DD
853,MCS,258,,2010,5,M,DC
853,CENG,407,,2011,1,M,AA
853,CENG,487,,2011,1,M,CB
853,CENG,491,,2011,1,M,DD
853,ESR,101,,2011,1,E,BB
853,ENG,405,,2011,1,M,BB
853,CENG,351,,2011,1,M,DD
853,CENG,375,,2011,1,M,DC
853,CENG,328,,2011,3,M,CC
853,CENG,394,,2011,3,E,AA
853,CENG,408,,2011,3,M,CB
853,CENG,466,,2011,3,E,AA
853,MAN,432,,2011,3,M,AA
853,CENG,334,,2011,3,M,DD
853,CENG,356,,2011,3,M,CB
853,CENG,344,,2011,3,M,BB
853,CENG,442,,2011,5,M,AA
853,ECON,102,,2011,5,E,BB
853,MAN,102,,2011,5,E,FF
853,CENG,241,,2011,95,M,DD
853,CENG,272,,2011,95,M,DD
855,CENG,329,,2010,1,M,FF
855,CENG,351,,2010,1,M,CC
855,CENG,353,,2010,1,M,BA
855,CENG,375,,2010,1,M,CC
855,ENG,401,,2010,1,M,DC
855,PHYS,111,,2010,1,M,DD
855,SPAN,102,,2010,1,E,CC
855,CENG,272,,2010,3,M,FD
855,CENG,292,,2010,3,M,DC
855,CENG,328,,2010,3,M,CB
855,CENG,334,,2010,3,M,W
855,CENG,356,,2010,3,M,DD
855,HIST,202,,2010,3,M,BB
855,MAN,432,,2010,3,M,FF
855,CENG,455,,2013,1,E,DD
855,ESR,101,,2013,1,E,AA
855,CENG,329,,2013,1,M,BA
855,CENG,487,,2013,1,M,BB
855,CENG,491,,2013,1,M,CB
855,CENG,407,,2013,1,M,BA
855,CENG,272,,2013,3,M,FD
855,CENG,435,,2013,3,E,DC
855,CENG,334,,2013,3,M,DD
855,MAN,432,,2013,3,M,BB
855,CENG,442,,2013,3,M,DD
855,CENG,408,,2013,3,M,DC
855,CENG,200,,2013,5,M,S
855,CENG,300,,2013,5,M,S
855,CENG,272,,2013,95,M,BA
856,CENG,329,,2010,1,M,BB
856,CENG,331,,2010,1,M,DC
856,CENG,351,,2010,1,M,BB
856,CENG,353,,2010,1,M,CC
856,CENG,375,,2010,1,M,CB
856,CENG,328,,2010,3,M,BA
856,CENG,334,,2010,3,M,DC
856,CENG,344,,2010,3,M,CB
856,CENG,460,,2010,3,E,AA
856,MCS,258,,2010,3,M,DC
856,RUS,101,,2010,3,E,AA
856,CENG,300,,2010,5,M,S
856,CENG,331,,2010,5,M,BA
856,CENG,491,,2010,5,M,BA
856,PHYS,111,,2010,5,M,BA
856,CENG,407,,2011,1,M,AA
856,CENG,468,,2011,1,E,AA
856,CENG,487,,2011,1,M,CB
856,ENG,405,,2011,1,M,DD
856,CENG,408,,2011,3,M,AA
856,CENG,442,,2011,3,M,BA
856,CENG,466,,2011,3,E,AA
856,MAN,432,,2011,3,M,BA
856,CENG,344,,2011,3,M,AA
886,CENG,241,,2010,1,M,FF
886,CENG,277,,2010,1,M,FF
886,ECE,281,,2010,1,M,FD
886,ENG,305,,2010,1,M,CC
886,ESR,101,,2010,1,M,BB
886,HIST,201,,2010,1,M,AA
886,MCS,205,,2010,1,M,FD
886,SPAN,101,,2010,1,E,CB
886,CENG,114,,2010,3,M,NA
886,CENG,222,,2010,3,M,FD
886,MCS,156,,2010,3,M,FD
886,MCS,258,,2010,3,M,FF
886,PHYS,112,,2010,3,M,FD
886,CENG,200,,2010,5,M,S
886,CENG,241,,2011,2,M,FF
886,CENG,277,,2011,2,M,FF
886,ECE,281,,2011,2,M,FF
886,MCS,205,,2011,2,M,FF
886,CENG,114,,2011,4,M,FF
886,MCS,156,,2011,4,M,FF
886,MCS,205,,2011,4,M,FD
886,PHYS,112,,2011,4,M,FF
886,MCS,205,,2011,6,M,FF
886,MCS,258,,2011,6,M,FF
886,CENG,277,,2012,2,M,FF
886,MCS,205,,2012,2,M,FD
886,MCS,258,,2012,2,M,FF
886,PHYS,112,,2012,2,M,NA
886,MCS,156,,2012,4,M,FF
886,MCS,205,,2012,4,M,NA
886,CENG,114,,2012,4,M,NA
886,ECE,124,,2012,4,M,FF
886,CENG,300,,2012,5,M,U
886,MCS,156,,2012,6,M,FF
886,CENG,114,,2012,6,M,NA
886,MCS,156,,2013,2,M,FF
886,MCS,205,,2013,2,M,DC
886,MCS,258,,2013,2,M,FF
886,PHYS,132,,2013,2,M,NA
886,MCS,156,,2013,4,M,FF
886,MCS,205,,2013,4,M,FD
886,MCS,156,,2014,2,M,FF
886,MCS,205,,2014,2,M,DC
886,CENG,277,,2014,2,M,FF
886,MCS,156,,2014,4,M,NA
886,MCS,258,,2014,4,M,NA
886,PHYS,132,,2014,4,M,NA
921,CENG,111,,2010,1,M,DC
921,CENG,191,,2010,1,M,DD
921,ENG,105,,2010,1,M,DD
921,ESR,101,,2010,1,M,BB
921,MCS,155,,2010,1,M,FF
921,PHYS,111,,2010,1,M,FF
921,TURK,101,,2010,1,M,DC
921,CENG,114,,2010,3,M,FD
921,ECE,124,,2010,3,M,FF
921,ENG,106,,2010,3,M,NA
921,MCS,155,,2010,3,M,FD
921,PHYS,112,,2010,3,M,FF
921,TURK,102,,2010,3,M,FD
921,CENG,114,,2010,5,M,DD
921,ENG,106,,2010,5,M,BB
921,MCS,155,,2010,5,M,CC
921,CENG,241,,2011,1,M,FD
921,CENG,277,,2011,1,M,FD
921,ECE,281,,2011,1,M,FD
921,ENG,205,,2011,1,M,DC
921,HIST,201,,2011,1,M,CB
921,MCS,205,,2011,1,M,FD
921,PES,244,,2011,1,E,BB
921,MCS,156,,2011,5,M,FF
921,PHYS,111,,2011,5,M,FF
928,CENG,111,,2010,1,M,DC
928,CENG,191,,2010,1,M,CB
928,ENG,105,,2010,1,M,BB
928,ESR,101,,2010,1,M,BA
928,MCS,155,,2010,1,M,CC
928,PHYS,111,,2010,1,M,BB
928,TURK,101,,2010,1,M,CC
928,ALM,101,,2010,3,E,AA
928,CENG,114,,2010,3,M,DD
928,ECE,124,,2010,3,M,FD
928,MCS,156,,2010,3,M,DC
928,PHYS,112,,2010,3,M,BB
928,SPAN,101,,2010,3,E,BA
936,CENG,111,,2010,1,M,FF
936,CENG,191,,2010,1,M,DD
936,ENG,105,,2010,1,M,FD
936,ESR,101,,2010,1,M,DC
936,MCS,155,,2010,1,M,FF
936,PHYS,111,,2010,1,M,FD
936,TURK,101,,2010,1,M,CC
936,CENG,114,,2010,3,M,FD
936,ECE,124,,2010,3,M,FD
936,ENG,105,,2010,3,M,DD
936,MCS,155,,2010,3,M,FD
936,PHYS,112,,2010,3,M,FF
936,TURK,102,,2010,3,M,DC
936,CENG,114,,2010,5,M,DD
936,ENG,106,,2010,5,M,CB
936,PHYS,111,,2010,5,M,DD
945,ENG,105,,2010,0,M,BB
945,ENG,106,,2010,0,M,BB
947,CENG,111,,2010,1,M,DD
947,CENG,191,,2010,1,M,CC
947,ENG,105,,2010,1,M,BB
947,ESR,101,,2010,1,M,BB
947,MCS,155,,2010,1,M,FD
947,PHYS,111,,2010,1,M,DD
947,TURK,101,,2010,1,M,BB
947,CENG,114,,2010,3,M,DD
947,ECE,124,,2010,3,M,DD
947,ENG,106,,2010,3,M,CB
947,MCS,155,,2010,3,M,CB
947,PHYS,112,,2010,3,M,CC
947,TURK,102,,2010,3,M,CB
947,CENG,241,,2011,1,M,FD
947,CENG,277,,2011,1,M,DC
947,ECE,281,,2011,1,M,DD
947,ENG,205,,2011,1,M,BB
947,HIST,201,,2011,1,M,CC
947,MCS,205,,2011,1,M,DC
947,PES,235,,2012,1,E,AA
947,PES,334,,2012,1,E,BA
947,ITAL,101,,2012,1,E,CB
947,CENG,331,,2012,1,M,DD
947,CENG,351,,2012,1,M,FD
947,RPW,305,,2012,1,M,W
947,CENG,272,,2012,3,M,DD
947,MCS,156,,2012,3,M,DD
947,MCS,258,,2012,3,M,FD
947,CENG,218,,2012,3,M,NA
947,CENG,222,,2012,3,M,DD
947,CENG,292,,2012,3,M,DD
947,ACS,206,,2012,3,M,BB
947,RPW,306,,2012,3,M,DC
947,MCS,258,,2012,5,M,CC
947,CENG,218,,2012,5,M,FF
948,ENG,105,,2010,0,M,AA
948,ENG,106,,2010,0,M,AA
958,CENG,111,,2010,1,M,FF
958,CENG,191,,2010,1,M,FF
958,ENG,105,,2010,1,M,FF
958,ESR,101,,2010,1,M,CC
958,MCS,155,,2010,1,M,FD
958,PHYS,111,,2010,1,M,FF
958,TURK,101,,2010,1,M,FF
958,CENG,114,,2010,3,M,FF
958,ECE,124,,2010,3,M,FF
958,ENG,105,,2010,3,M,DC
958,MCS,156,,2010,3,M,FD
958,PHYS,112,,2010,3,M,FF
958,TURK,102,,2010,3,M,FD
958,MCS,155,,2010,5,M,DC
958,PHYS,111,,2010,5,M,CB
958,PHYS,112,,2010,5,M,CB
958,CENG,111,,2011,1,M,FF
958,CENG,191,,2011,1,M,DC
958,ENG,106,,2011,1,M,DD
958,HIST,201,,2011,1,M,CB
958,MCS,205,,2011,1,M,FF
958,TURK,101,,2011,1,M,CB
958,RUS,101,,2011,1,E,BB
958,CENG,114,,2011,3,M,FF
958,ECE,124,,2011,3,M,DD
958,HIST,202,,2011,3,M,DC
958,MCS,156,,2011,3,M,FF
958,MCS,205,,2011,3,M,FF
958,TURK,102,,2011,3,M,DD
958,ECE,281,,2011,5,M,CC
958,MCS,156,,2011,5,M,FD
958,MCS,205,,2011,5,M,DD
958,MCS,155,,2012,2,M,FD
958,MCS,156,,2012,2,M,FF
958,CENG,111,,2012,2,M,FF
958,ACS,106,,2012,2,M,DC
963,ENG,105,,2010,0,M,BA
963,ENG,106,,2010,0,M,BA
963,CENG,111,,2010,1,M,AA
963,CENG,191,,2010,1,M,AA
963,ESR,101,,2010,1,M,BB
963,MCS,155,,2010,1,M,AA
963,PHYS,111,,2010,1,M,AA
963,TURK,101,,2010,1,M,BB
963,CENG,114,,2010,3,M,AA
963,CENG,292,,2010,3,M,AA
963,ECE,124,,2010,3,M,AA
963,MCS,156,,2010,3,M,AA
963,PHYS,112,,2010,3,M,AA
963,TURK,102,,2010,3,M,AA
1017,ENG,105,,2010,0,M,BB
1017,ENG,106,,2010,0,M,BB
1017,CENG,111,,2010,1,M,FF
1017,CENG,191,,2010,1,M,FF
1017,ESR,101,,2010,1,M,FF
1017,MCS,155,,2010,1,M,FF
1017,PHYS,111,,2010,1,M,FF
1017,TURK,101,,2010,1,M,FF
1017,CENG,114,,2010,3,M,NA
1017,ECE,124,,2010,3,M,FF
1017,MCS,155,,2010,3,M,FF
1017,PES,235,,2010,3,E,BB
1017,PHYS,112,,2010,3,M,FF
1017,TURK,102,,2010,3,M,FF
1017,CENG,111,,2011,1,M,FF
1017,CENG,191,,2011,1,M,CC
1017,ESR,101,,2011,1,M,FF
1017,MCS,155,,2011,1,M,FF
1017,PHYS,111,,2011,1,M,FF
1017,TURK,101,,2011,1,M,DC
1017,CENG,114,,2011,4,M,FF
1017,ECE,124,,2011,4,M,FF
1017,MCS,155,,2011,4,M,FF
1017,PHYS,111,,2011,4,M,FD
1017,TURK,102,,2011,4,M,FF
1017,MCS,155,,2011,6,M,FF
1017,MCS,155,,2012,2,M,FF
1017,PHYS,111,,2012,2,M,NA
1017,TURK,101,,2012,2,M,FF
1017,CENG,111,,2012,2,M,NA
1018,ENG,105,,2011,0,M,BB
1018,CENG,111,,2011,1,M,FF
1018,CENG,191,,2011,1,M,DD
1018,ENG,106,,2011,1,M,FF
1018,ESR,101,,2011,1,M,DC
1018,MCS,155,,2011,1,M,FF
1018,PHYS,111,,2011,1,M,FF
1018,TURK,101,,2011,1,M,CC
1018,CENG,114,,2011,3,M,FF
1018,ECE,124,,2011,3,M,FF
1018,ENG,106,,2011,3,M,NA
1018,MCS,155,,2011,3,M,FF
1018,PHYS,111,,2011,3,M,DD
1018,TURK,102,,2011,3,M,FF
1018,MCS,155,,2011,5,M,FF
1018,PHYS,112,,2011,5,M,FD
1018,HIST,201,,2012,1,M,DD
1018,MCS,155,,2012,1,M,FF
1018,PES,250,,2012,1,E,AA
1018,PHYS,112,,2012,1,M,NA
1018,CENG,111,,2012,1,M,FF
1018,ACS,106,,2012,1,M,NA
1018,ESR,101,,2012,4,M,BB
1018,TURK,102,,2012,4,M,FF
1018,ECE,124,,2012,4,M,FF
1018,ACS,106,,2012,4,M,NA
1018,PHYS,131,,2012,4,M,NA
1021,CENG,111,,2011,1,M,FF
1021,CENG,191,,2011,1,M,NA
1021,ESR,101,,2011,1,M,NA
1021,MCS,155,,2011,1,M,FF
1021,PHYS,111,,2011,1,M,NA
1021,TURK,101,,2011,1,M,FF
1021,ENG,111,,2011,1,M,NA
1021,CENG,222,,2011,3,M,FF
1021,ECE,124,,2011,3,M,FF
1021,MCS,155,,2011,3,M,FF
1021,PHYS,111,,2011,3,M,FF
1021,TURK,102,,2011,3,M,FF
1021,ENG,111,,2011,3,M,NA
1021,MCS,155,,2011,5,M,FF
1021,PHYS,111,,2011,5,M,FF
1021,ENG,111,,2011,5,M,NA
1021,ESR,101,,2012,1,M,NA
1021,MCS,155,,2012,1,M,FF
1021,PHYS,111,,2012,1,M,NA
1021,TURK,101,,2012,1,M,NA
1021,CENG,111,,2012,1,M,NA
1021,COMS,111,,2012,1,M,NA
1028,ESR,101,,2012,1,M,BA
1028,MCS,155,,2012,1,M,FD
1028,PHYS,111,,2012,1,M,DD
1028,TURK,101,,2012,1,M,CC
1028,CENG,111,,2012,1,M,DD
1028,CENG,191,,2012,1,M,CB
1028,ACS,205,,2012,1,M,CC
1028,MCS,155,,2012,3,M,FD
1028,TURK,102,,2012,3,M,CB
1028,CENG,114,,2012,3,M,FD
1028,ECE,124,,2012,3,M,FF
1028,ACS,206,,2012,3,M,DD
1028,PHYS,132,,2012,3,M,FF
1028,MCS,155,,2012,5,M,FF
1028,CENG,114,,2012,5,M,CC
1028,CENG,277,,2013,1,M,FD
1028,HIST,201,,2013,1,M,DC
1028,MCS,155,,2013,1,M,FD
1028,MCS,205,,2013,1,M,FD
1028,ECE,281,,2013,1,M,FF
1028,CENG,241,,2013,1,M,FF
1028,MCS,155,,2013,4,M,DD
1028,MCS,205,,2013,4,M,FF
1028,ECE,124,,2013,4,M,DD
1028,PHYS,132,,2013,4,M,NA
1028,HIST,201,,2013,6,M,CC
1028,MCS,155,,2013,6,M,FD
1028,PHYS,132,,2013,6,M,FD
1032,ESR,101,,2012,1,M,BA
1032,MCS,155,,2012,1,M,CB
1032,PHYS,111,,2012,1,M,BB
1032,TURK,101,,2012,1,M,AA
1032,CENG,111,,2012,1,M,BA
1032,CENG,191,,2012,1,M,AA
1032,ACS,205,,2012,1,M,AA
1032,MCS,156,,2012,3,M,BA
1032,TURK,102,,2012,3,M,AA
1032,CENG,114,,2012,3,M,BB
1032,ECE,124,,2012,3,M,CB
1032,ACS,206,,2012,3,M,BB
1032,PHYS,132,,2012,3,M,BA
1040,ESR,101,,2012,1,M,BB
1040,MCS,155,,2012,1,M,FF
1040,PHYS,111,,2012,1,M,NA
1040,TURK,101,,2012,1,M,DC
1040,CENG,111,,2012,1,M,FF
1040,CENG,191,,2012,1,M,FF
1040,ACS,205,,2012,1,M,NA
1040,MCS,155,,2012,3,M,FF
1040,TURK,102,,2012,3,M,DC
1040,CENG,114,,2012,3,M,NA
1040,ECE,124,,2012,3,M,NA
1040,ACS,205,,2012,3,M,NA
1040,PHYS,131,,2012,3,M,NA
1040,HIST,201,,2013,1,M,FD
1040,MCS,155,,2013,1,M,FF
1040,CENG,111,,2013,1,M,FD
1040,CENG,191,,2013,1,M,FD
1040,ACS,205,,2013,1,M,NA
1040,PHYS,131,,2013,1,M,NA
1040,MCS,155,,2013,4,M,FF
1040,TURK,102,,2013,4,M,FF
1040,CENG,111,,2013,4,M,FF
1040,ECE,124,,2013,4,M,FD
1040,PHYS,131,,2013,4,M,FF
1102,ESR,101,,2012,1,M,NA
1102,MCS,155,,2012,1,M,FF
1102,PHYS,111,,2012,1,M,NA
1102,TURK,101,,2012,1,M,NA
1102,CENG,111,,2012,1,M,NA
1102,CENG,191,,2012,1,M,NA
1102,ACS,205,,2012,1,M,NA
1113,ESR,101,,2013,1,M,FF
1113,MCS,155,,2013,1,M,FF
1113,TURK,101,,2013,1,M,FF
1113,CENG,111,,2013,1,M,NA
1113,CENG,191,,2013,1,M,NA
1113,ACS,205,,2013,1,M,NA
1113,PHYS,131,,2013,1,M,NA
1126,ESR,101,,2012,1,M,BB
1126,MCS,155,,2012,1,M,FD
1126,PHYS,111,,2012,1,M,FD
1126,TURK,101,,2012,1,M,CC
1126,CENG,111,,2012,1,M,CB
1126,CENG,191,,2012,1,M,BB
1126,ACS,205,,2012,1,M,AA
1126,MCS,155,,2012,3,M,CB
1126,TURK,102,,2012,3,M,CC
1126,CENG,114,,2012,3,M,CB
1126,ECE,124,,2012,3,M,DD
1126,ACS,206,,2012,3,M,AA
1126,PHYS,131,,2012,3,M,BA
1135,ESR,101,,2013,1,M,NA
1135,MCS,155,,2013,1,M,FF
1135,TURK,101,,2013,1,M,FF
1135,CENG,111,,2013,1,M,NA
1135,CENG,191,,2013,1,M,NA
1135,ACS,205,,2013,1,M,NA
1135,PHYS,131,,2013,1,M,NA
1135,ESR,101,,2013,3,M,NA
1135,MCS,155,,2013,3,M,FF
1135,CENG,111,,2013,3,M,NA
1135,ECE,124,,2013,3,M,NA
1135,ACS,206,,2013,3,M,NA
1135,PHYS,131,,2013,3,M,NA
1135,MCS,155,,2014,1,M,FF
1135,TURK,101,,2014,1,M,FF
1135,CENG,111,,2014,1,M,NA
1135,CENG,191,,2014,1,M,NA
1135,ACS,205,,2014,1,M,NA
1135,PHYS,131,,2014,1,M,NA
1135,MCS,155,,2014,4,M,NA
1135,CENG,111,,2014,4,M,NA
1135,ECE,124,,2014,4,M,NA
1135,PHYS,131,,2014,4,M,NA
1140,ESR,101,,2013,1,M,BA
1140,MCS,155,,2013,1,M,FD
1140,TURK,101,,2013,1,M,CC
1140,CENG,111,,2013,1,M,CC
1140,CENG,191,,2013,1,M,DD
1140,ACS,205,,2013,1,M,CB
1140,PHYS,131,,2013,1,M,CB
1140,MCS,155,,2013,3,M,CC
1140,TURK,102,,2013,3,M,CC
1140,CENG,114,,2013,3,M,DD
1140,ECE,124,,2013,3,M,DC
1140,ACS,206,,2013,3,M,CC
1140,PHYS,132,,2013,3,M,FD
1140,HIST,201,,2014,1,M,BB
1140,MCS,205,,2014,1,M,FD
1140,BIO,101,,2014,1,M,CB
1140,ECE,281,,2014,1,M,DD
1140,CENG,241,,2014,1,M,FD
1140,CENG,277,,2014,1,M,FD
1140,RPW,305,,2014,1,M,DD
1140,MCS,205,,2014,4,M,DC
1140,ECE,124,,2014,4,M,CC
1140,PHYS,132,,2014,4,M,FD
1141,ESR,101,,2013,1,M,BA
1141,MCS,155,,2013,1,M,DD
1141,TURK,101,,2013,1,M,DC
1141,CENG,111,,2013,1,M,DC
1141,CENG,191,,2013,1,M,FD
1141,ACS,205,,2013,1,M,FF
1141,PHYS,131,,2013,1,M,FF
1141,MCS,156,,2013,3,M,FD
1141,TURK,102,,2013,3,M,CC
1141,CENG,114,,2013,3,M,FF
1141,ECE,124,,2013,3,M,CC
1141,ACS,206,,2013,3,M,NA
1141,PHYS,131,,2013,3,M,DC
1141,MCS,155,,2013,5,M,BB
1141,MCS,156,,2013,5,M,BB
1141,PHYS,132,,2013,5,M,FF
1147,ESR,101,,2013,1,M,BA
1147,MCS,155,,2013,1,M,FD
1147,TURK,101,,2013,1,M,DC
1147,CENG,111,,2013,1,M,FD
1147,CENG,191,,2013,1,M,DC
1147,ACS,205,,2013,1,M,DD
1147,PHYS,131,,2013,1,M,FF
1147,MCS,155,,2013,3,M,CC
1147,TURK,102,,2013,3,M,DC
1147,CENG,111,,2013,3,M,CB
1147,ECE,124,,2013,3,M,CC
1147,ACS,206,,2013,3,M,FD
1147,PHYS,131,,2013,3,M,FF
1147,HIST,201,,2014,1,M,CB
1147,MCS,156,,2014,1,M,FF
1147,BIO,101,,2014,1,M,CC
1147,CENG,114,,2014,1,M,NA
1147,PHYS,131,,2014,1,M,NA
1147,RPW,305,,2014,1,M,NA
1147,MCS,156,,2014,4,M,FD
1147,TURK,101,,2014,4,M,FF
1147,CENG,114,,2014,4,M,DC
1147,ACS,206,,2014,4,M,FF
1147,PHYS,131,,2014,4,M,FF
1197,ESR,101,,2014,1,M,FD
1197,MCS,155,,2014,1,M,FF
1197,TURK,101,,2014,1,M,FF
1197,CENG,111,,2014,1,M,NA
1197,CENG,191,,2014,1,M,NA
1197,ACS,205,,2014,1,M,FF
1197,PHYS,131,,2014,1,M,NA
1206,ESR,101,,2013,1,M,NA
1206,MCS,155,,2013,1,M,FF
1206,TURK,101,,2013,1,M,FF
1206,CENG,111,,2013,1,M,NA
1206,CENG,191,,2013,1,M,NA
1206,ACS,205,,2013,1,M,NA
1206,PHYS,131,,2013,1,M,NA
1220,ESR,101,,2014,1,M,NA
1220,MCS,155,,2014,1,M,FF
1220,TURK,101,,2014,1,M,FF
1220,CENG,111,,2014,1,M,NA
1220,CENG,191,,2014,1,M,FF
1220,ACS,205,,2014,1,M,NA
1220,PHYS,131,,2014,1,M,NA
1236,HIST,202,,2013,5,M,CC
1237,ACS,205,,2014,0,M,AA
1237,ACS,206,,2014,0,M,BA
1237,ESR,101,,2014,3,M,AA
1237,HIST,201,,2014,3,M,CB
1237,MCS,155,,2014,3,M,AA
1237,TURK,101,,2014,3,M,BB
1237,CENG,111,,2014,3,M,NA
1237,PHYS,131,,2014,3,M,AA
1314,CENG,492,,2014,0,E,DD
1314,HIST,201,,2014,0,M,S
1314,HIST,202,,2014,0,M,S
1314,MCS,155,,2014,0,M,DC
1314,TURK,101,,2014,0,M,S
1314,TURK,102,,2014,0,M,S
1314,THEA,272,,2014,0,E,BA
1314,CENG,356,,2014,0,M,S
1314,INAR,111,,2014,0,E,AA
1314,CENG,111,,2014,0,M,S
1314,CENG,191,,2014,0,M,S
1314,CENG,241,,2014,0,M,BB
1314,CENG,290,,2014,0,M,AA
1314,CENG,393,,2014,0,M,S
1314,CENG,493,,2014,0,M,AA
1314,ESR,101,,2014,1,M,NA
1314,MCS,205,,2014,1,M,NA
1314,CENG,375,,2014,1,M,FF
1314,ECE,281,,2014,1,M,FD
1314,RTW,405,,2014,1,M,NA
1314,PHYS,131,,2014,1,M,NA
1314,CENG,277,,2014,1,M,FF
1314,RPW,305,,2014,1,M,NA
1314,ESR,101,,2014,3,M,NA
1314,MCS,156,,2014,3,M,NA
1314,MCS,205,,2014,3,M,NA
1314,CENG,114,,2014,3,M,NA
1314,PHYS,131,,2014,3,M,NA
1314,PHYS,132,,2014,3,M,NA
1319,HIST,202,,2014,5,M,NA
1320,CENG,218,,2014,5,M,DD
