StudID,CourseCode,CourseNum,Section,Year,Semester,Elective,Grade,T,P,C
219,CENG,191,,2011,1,M,CC,3,0,3
219,CENG,241,,2011,1,M,FF,2,2,3
219,ENG,305,,2011,1,M,NA,0,2,1
219,ESR,101,,2011,1,M,NA,1,0,1
219,PES,250,,2011,1,E,AA,3,0,3
219,ENG,405,,2011,1,M,NA,0,2,1
219,CENG,375,,2011,1,M,FD,2,2,3
219,CENG,222,,2011,3,M,FF,2,2,3
219,CENG,272,,2011,3,M,FF,3,0,3
219,CENG,292,,2011,3,M,NA,2,2,3
219,ENG,306,,2011,3,M,NA,0,2,1
219,CENG,310,,2011,3,M,FF,3,0,3
219,ENG,406,,2011,3,M,NA,0,2,1
219,CENG,222,,2011,5,M,BB,2,2,3
219,MCS,156,,2011,5,M,FF,3,2,4
219,ENG,406,,2011,5,M,AA,0,2,1
219,CENG,300,,2011,5,M,S,0,0,0
219,ACS,105,,2012,0,M,S,0,6,3
219,ACS,106,,2012,0,M,S,0,6,3
219,CENG,462,,2012,1,E,DD,2,2,3
219,CENG,466,,2012,1,E,CB,3,0,3
219,ESR,101,,2012,1,M,AA,1,0,1
219,CENG,375,,2012,1,M,FF,2,2,3
219,CEC,301,,2012,1,E,AA,3,0,3
219,RPW,305,,2012,1,M,BB,0,2,1
219,RTW,405,,2012,1,M,BB,0,2,1
219,CENG,272,,2012,3,M,DD,3,0,3
219,CENG,394,,2012,3,E,DC,3,0,3
219,CENG,310,,2012,3,M,DD,3,0,3
219,CENG,408,,2012,3,M,AA,1,2,2
219,CENG,292,,2012,3,M,BB,3,2,4
219,RPW,306,,2012,3,M,AA,0,2,1
219,MCS,156,,2012,5,M,CC,3,2,4
219,CENG,375,,2012,95,M,BB,2,2,3
219,CENG,241,,2012,95,M,DD,3,2,4
296,CENG,331,,2010,1,M,DD,2,2,3
296,CENG,351,,2010,1,M,AA,2,2,3
296,CENG,353,,2010,1,M,BB,3,0,3
296,CENG,375,,2010,1,M,DC,2,2,3
296,CENG,407,,2010,1,M,AA,1,2,2
296,CENG,487,,2010,1,M,BB,3,0,3
296,ENG,401,,2010,1,M,BB,2,0,2
296,CENG,272,,2010,3,M,DD,3,0,3
296,CENG,328,,2010,3,M,BA,2,2,3
296,CENG,334,,2010,3,M,BB,2,2,3
296,CENG,356,,2010,3,M,BA,2,2,3
296,CENG,408,,2010,3,M,AA,1,2,2
296,CENG,442,,2010,3,M,BA,2,2,3
296,MAN,432,,2010,3,M,AA,3,0,3
296,CENG,300,,2010,5,M,S,0,0,0
296,CENG,491,,2010,5,M,CB,3,0,3
296,LAW,101,,2010,5,E,DD,3,0,3
296,CENG,460,,2011,1,E,AA,3,0,3
296,CENG,468,,2011,1,E,AA,3,0,3
296,ECE,281,,2011,1,M,DD,2,2,3
296,ESR,101,,2011,1,E,BB,1,0,1
296,PES,235,,2011,1,E,FD,3,0,3
296,PES,334,,2011,1,E,AA,3,0,3
296,CEC,301,,2011,1,E,BA,3,0,3
296,MCS,258,,2011,91,M,BB,2,2,3
296,PES,235,,2011,91,E,AA,3,0,3
473,CENG,198,,2010,0,E,S,2,2,3
473,INAR,281,,2010,0,E,S,2,2,3
473,CENG,351,,2010,91,M,CC,2,2,3
473,CENG,356,,2010,91,M,BA,2,2,3
473,CENG,334,,2010,93,M,AA,2,2,3
498,CENG,353,,2010,1,M,DD,3,0,3
498,CENG,487,,2010,1,M,FF,3,0,3
498,CENG,491,,2010,1,M,FF,3,0,3
498,ENG,401,,2010,1,M,FF,2,0,2
498,CENG,442,,2010,3,M,DD,2,2,3
498,CENG,487,,2010,93,M,DC,3,0,3
498,CENG,491,,2010,93,M,DD,3,0,3
498,ENG,401,,2010,93,M,BB,2,0,2
498,CENG,334,,2010,95,M,CC,2,2,3
498,CENG,356,,2010,95,M,BA,2,2,3
512,CENG,331,,2010,1,M,DD,2,2,3
512,CENG,351,,2010,1,M,BB,2,2,3
512,CENG,353,,2010,1,M,DC,3,0,3
512,CENG,375,,2010,1,M,CC,2,2,3
512,CENG,468,,2010,1,E,AA,3,0,3
512,ENG,401,,2010,1,M,DD,2,0,2
512,MCS,205,,2010,1,M,CB,3,0,3
512,CENG,328,,2010,3,M,DD,2,2,3
512,CENG,334,,2010,3,M,DD,2,2,3
512,CENG,344,,2010,3,M,DD,2,2,3
512,CENG,356,,2010,3,M,CC,2,2,3
512,CENG,442,,2010,3,M,DD,2,2,3
512,MAN,432,,2010,3,M,CC,3,0,3
512,MCS,258,,2010,3,M,DD,2,2,3
512,CENG,114,,2010,5,M,BB,2,2,3
512,CENG,300,,2010,5,M,S,0,0,0
512,CENG,491,,2010,5,M,DC,3,0,3
512,LAW,101,,2010,5,E,FD,3,0,3
512,CENG,407,,2011,1,M,BA,1,2,2
512,CENG,408,,2011,1,M,CB,1,2,2
512,CENG,460,,2011,1,E,BA,3,0,3
512,CENG,487,,2011,1,M,DC,3,0,3
512,ESR,101,,2011,1,E,BB,1,0,1
512,CEC,301,,2011,1,E,BA,3,0,3
611,ALM,101,,2010,1,E,CC,3,0,3
611,CENG,351,,2010,1,M,BB,2,2,3
611,CENG,353,,2010,1,M,CB,3,0,3
611,CENG,375,,2010,1,M,CB,2,2,3
611,CENG,407,,2010,1,M,AA,1,2,2
611,CENG,471,,2010,1,E,AA,3,0,3
611,CENG,487,,2010,1,M,BB,3,0,3
611,ENG,401,,2010,1,M,BB,2,0,2
611,CENG,328,,2010,3,M,BB,2,2,3
611,CENG,334,,2010,3,M,BB,2,2,3
611,CENG,356,,2010,3,M,AA,2,2,3
611,CENG,408,,2010,3,M,BA,1,2,2
611,CENG,442,,2010,3,M,BB,2,2,3
611,CENG,466,,2010,3,E,AA,3,0,3
611,MAN,432,,2010,3,M,BA,3,0,3
611,SPAN,101,,2010,3,E,BB,3,0,3
611,CENG,300,,2010,5,M,S,0,0,0
611,CENG,491,,2010,5,M,DC,3,0,3
611,MAN,423,,2010,5,E,CB,3,0,3
611,MCS,258,,2010,5,M,DC,2,2,3
611,CENG,460,,2011,1,E,AA,3,0,3
611,CENG,241,,2011,91,M,DD,2,2,3
611,CENG,272,,2011,91,M,DD,3,0,3
621,CENG,375,,2010,1,M,DD,2,2,3
621,CENG,491,,2010,1,M,FD,3,0,3
621,MCS,205,,2010,1,M,FF,3,0,3
621,MCS,245,,2010,1,E,FD,2,2,3
621,CENG,218,,2010,3,M,FF,2,2,3
621,CENG,328,,2010,3,M,FF,2,2,3
621,MCS,258,,2010,3,M,FF,2,2,3
621,CENG,218,,2010,5,M,CB,2,2,3
621,CENG,491,,2010,5,M,CB,3,0,3
621,MCS,205,,2010,5,M,DD,3,0,3
621,CENG,328,,2010,95,M,DD,2,2,3
621,MCS,258,,2010,95,M,CC,2,2,3
625,CENG,408,,2010,1,M,CC,1,2,2
625,CENG,468,,2010,1,E,AA,3,0,3
625,CENG,487,,2010,1,M,FF,3,0,3
625,CENG,491,,2010,1,M,DC,3,0,3
625,ENG,401,,2010,1,M,DD,2,0,2
625,PES,225,,2010,1,E,BA,3,0,3
625,CENG,442,,2010,3,M,FF,2,2,3
625,CENG,460,,2010,3,E,BA,3,0,3
625,CENG,466,,2010,3,E,AA,3,0,3
625,CENG,375,,2010,5,M,CC,2,2,3
625,CENG,442,,2010,5,M,BB,2,2,3
625,CENG,487,,2010,95,M,DD,3,0,3
636,CENG,351,,2010,1,M,CB,2,2,3
636,CENG,375,,2010,1,M,CC,2,2,3
636,CENG,407,,2010,1,M,BA,1,2,2
636,CENG,471,,2010,1,E,AA,3,0,3
636,CENG,487,,2010,1,M,CC,3,0,3
636,CENG,491,,2010,1,M,FF,3,0,3
636,ENG,401,,2010,1,M,CC,2,0,2
636,CENG,408,,2010,3,M,AA,1,2,2
636,CENG,442,,2010,3,M,CC,2,2,3
636,CENG,460,,2010,3,E,AA,3,0,3
636,CENG,466,,2010,3,E,AA,3,0,3
636,MAN,432,,2010,3,M,BB,3,0,3
636,PES,248,,2010,3,E,AA,3,0,3
636,PES,334,,2010,3,E,AA,3,0,3
636,PSY,208,,2010,3,E,BA,3,0,3
636,CENG,491,,2010,93,M,DC,3,0,3
655,CENG,408,,2010,1,M,AA,1,2,2
655,CENG,491,,2010,1,M,FD,3,0,3
655,MCS,205,,2010,1,M,FF,3,0,3
655,PES,246,,2010,1,E,AA,3,0,3
655,PSY,208,,2010,1,E,AA,3,0,3
655,RUS,101,,2010,1,E,AA,3,0,3
655,THEA,270,,2010,1,E,AA,3,0,3
655,CENG,328,,2010,3,M,CC,2,2,3
655,CENG,442,,2010,3,M,FF,2,2,3
655,CENG,466,,2010,3,E,AA,3,0,3
655,MAN,432,,2010,3,M,BA,3,0,3
655,MCS,258,,2010,3,M,FF,2,2,3
655,RUS,102,,2010,3,E,AA,3,0,3
655,CENG,491,,2010,5,M,CC,3,0,3
655,MCS,205,,2010,5,M,DD,3,0,3
655,MCS,258,,2010,5,M,FF,2,2,3
655,CENG,442,,2010,95,M,CC,2,2,3
655,MCS,258,,2010,95,M,DD,2,2,3
659,CENG,487,,2010,1,M,BA,3,0,3
659,CENG,491,,2010,1,M,BB,3,0,3
659,PES,250,,2010,1,E,AA,3,0,3
660,CENG,353,,2010,2,M,DC,3,0,3
660,ENG,205,,2010,2,M,FF,0,4,2
660,MCS,205,,2010,2,M,FF,3,0,3
660,CENG,272,,2010,3,M,FD,3,0,3
660,CENG,334,,2010,3,M,FF,2,2,3
660,CENG,356,,2010,3,M,FD,2,2,3
660,PES,334,,2010,3,E,BB,3,0,3
660,SPAN,101,,2010,3,E,DD,3,0,3
660,CENG,218,,2010,5,M,DC,2,2,3
660,CENG,375,,2010,5,M,FD,2,2,3
660,MCS,205,,2010,5,M,FD,3,0,3
660,CENG,407,,2011,1,M,NA,1,2,2
660,CENG,491,,2011,1,M,FF,3,0,3
660,CENG,331,,2011,1,M,FD,2,2,3
660,CENG,351,,2011,1,M,DD,2,2,3
660,CENG,375,,2011,1,M,FD,2,2,3
660,CENG,272,,2011,3,M,CB,3,0,3
660,CENG,394,,2011,3,E,DD,3,0,3
660,CENG,466,,2011,3,E,AA,3,0,3
660,CENG,334,,2011,3,M,FF,2,2,3
660,CENG,356,,2011,3,M,DD,2,2,3
660,CENG,442,,2011,5,M,CC,2,2,3
660,CENG,491,,2011,5,M,DC,3,0,3
660,CENG,331,,2011,5,M,BA,2,2,3
660,CENG,375,,2012,1,M,DC,2,2,3
660,CENG,241,,2012,1,M,DD,3,2,4
660,CENG,407,,2012,1,M,BB,1,2,2
660,CENG,487,,2012,1,M,DC,3,0,3
660,ACS,205,,2012,1,M,DC,0,4,2
660,RTW,405,,2012,1,M,CC,0,2,1
660,CENG,328,,2012,3,M,FF,2,2,3
660,ESR,101,,2012,3,E,AA,1,0,1
660,CENG,408,,2012,3,M,BA,1,2,2
660,MAN,432,,2012,3,M,DC,3,0,3
660,CENG,344,,2012,3,M,CC,2,2,3
660,CEC,208,,2012,3,E,BB,3,0,3
660,CENG,328,,2012,5,M,CC,2,2,3
660,CENG,334,,2012,5,M,CB,2,2,3
660,CENG,300,,2012,5,M,S,0,0,0
660,MCS,205,,2012,95,M,DD,3,0,3
662,CENG,300,,2010,5,M,S,0,0,0
662,CENG,328,,2010,91,M,DD,2,2,3
664,CENG,272,,2010,1,M,BA,3,0,3
664,CENG,334,,2010,1,M,CC,2,2,3
664,CENG,351,,2010,1,M,CB,2,2,3
664,CENG,375,,2010,1,M,DD,2,2,3
664,CENG,491,,2010,1,M,DC,3,0,3
664,MCS,155,,2010,1,M,CC,3,2,4
664,SPAN,102,,2010,1,E,AA,3,0,3
664,CENG,328,,2010,91,M,BB,2,2,3
664,CENG,442,,2010,91,M,DC,2,2,3
668,CENG,241,,2010,1,M,DD,2,2,3
668,CENG,351,,2010,1,M,CC,2,2,3
668,CENG,460,,2010,1,E,AA,3,0,3
668,ECE,281,,2010,1,M,DD,2,2,3
668,MCS,205,,2010,1,M,DC,3,0,3
668,CENG,328,,2010,3,M,CC,2,2,3
668,CENG,334,,2010,3,M,CC,2,2,3
668,CENG,407,,2010,3,M,AA,1,2,2
668,CENG,466,,2010,3,E,AA,3,0,3
668,MAN,432,,2010,3,M,CB,3,0,3
668,MCS,258,,2010,3,M,FF,2,2,3
668,CENG,218,,2010,5,M,BB,2,2,3
668,CENG,491,,2010,5,M,FD,3,0,3
668,ALM,101,,2011,1,E,CB,3,0,3
668,CENG,329,,2011,1,M,DD,2,2,3
668,CENG,408,,2011,1,M,BB,1,2,2
668,CENG,487,,2011,1,M,DD,3,0,3
668,ENG,405,,2011,1,M,DC,0,2,1
668,CENG,331,,2011,1,M,DC,2,2,3
668,CENG,375,,2011,1,M,DD,2,2,3
668,CENG,353,,2011,1,M,CC,3,0,3
668,CENG,394,,2011,3,E,AA,3,0,3
668,CENG,442,,2011,3,M,DD,2,2,3
668,MAN,214,,2011,3,E,AA,3,0,3
668,CENG,344,,2011,3,M,CC,2,2,3
668,CENG,491,,2011,93,M,DD,3,0,3
668,MCS,258,,2011,93,M,DD,2,2,3
669,CENG,375,,2010,1,M,DD,2,2,3
669,CENG,407,,2010,1,M,BA,1,2,2
669,CENG,435,,2010,1,E,CC,2,2,3
669,CENG,487,,2010,1,M,CC,3,0,3
669,ENG,401,,2010,1,M,DC,2,0,2
669,ESR,101,,2010,1,E,BB,1,0,1
669,HIST,201,,2010,1,M,BB,2,0,2
669,CENG,334,,2010,3,M,DD,2,2,3
669,CENG,408,,2010,3,M,AA,1,2,2
669,CENG,442,,2010,3,M,FF,2,2,3
669,CENG,460,,2010,3,E,BA,3,0,3
669,CENG,466,,2010,3,E,AA,3,0,3
669,HIST,202,,2010,3,M,AA,2,0,2
669,MAN,432,,2010,3,M,CB,3,0,3
669,SPAN,101,,2010,3,E,CB,3,0,3
669,CENG,218,,2010,5,M,CC,2,2,3
669,CENG,300,,2010,5,M,S,0,0,0
669,CENG,442,,2010,5,M,CB,2,2,3
669,CENG,491,,2010,5,M,CB,3,0,3
669,ECE,281,,2011,1,M,DC,2,2,3
669,MCS,205,,2011,1,M,DC,3,0,3
669,CENG,328,,2011,91,M,DD,2,2,3
671,ALM,101,,2010,1,E,CB,3,0,3
671,CENG,375,,2010,1,M,FD,2,2,3
671,CENG,407,,2010,1,M,AA,1,2,2
671,CENG,468,,2010,1,E,AA,3,0,3
671,CENG,487,,2010,1,M,DC,3,0,3
671,ENG,401,,2010,1,M,CB,2,0,2
671,CENG,272,,2010,3,M,DC,3,0,3
671,CENG,328,,2010,3,M,DD,2,2,3
671,CENG,408,,2010,3,M,BA,1,2,2
671,CENG,442,,2010,3,M,FF,2,2,3
671,CENG,460,,2010,3,E,AA,3,0,3
671,CENG,466,,2010,3,E,AA,3,0,3
671,SPAN,101,,2010,3,E,DD,3,0,3
671,THEA,270,,2010,3,E,BB,3,0,3
671,CENG,300,,2010,5,M,U,0,0,0
671,CENG,491,,2010,5,M,FD,3,0,3
671,MCS,205,,2010,5,M,FD,3,0,3
671,MCS,258,,2010,5,M,FF,2,2,3
671,CENG,491,,2011,1,M,DC,3,0,3
671,MCS,205,,2011,1,M,DD,3,0,3
671,CENG,375,,2011,1,M,DD,2,2,3
671,CENG,300,,2011,3,M,S,0,0,0
671,CENG,442,,2011,91,M,BB,2,2,3
671,MCS,258,,2011,91,M,CB,2,2,3
676,CENG,353,,2010,1,M,CC,3,0,3
676,CENG,375,,2010,1,M,DD,2,2,3
676,CENG,407,,2010,1,M,BB,1,2,2
676,CENG,487,,2010,1,M,DD,3,0,3
676,CENG,491,,2010,1,M,DD,3,0,3
676,ECE,281,,2010,1,M,DC,2,2,3
676,ENG,401,,2010,1,M,DC,2,0,2
676,SPAN,101,,2010,1,E,AA,3,0,3
676,CENG,328,,2010,3,M,DD,2,2,3
676,CENG,334,,2010,3,M,DD,2,2,3
676,CENG,344,,2010,3,M,FF,2,2,3
676,CENG,408,,2010,3,M,BB,1,2,2
676,CENG,442,,2010,3,M,FF,2,2,3
676,CENG,460,,2010,3,E,BA,3,0,3
676,CENG,466,,2010,3,E,BA,3,0,3
676,MAN,432,,2010,3,M,CC,3,0,3
676,CENG,218,,2010,5,M,CC,2,2,3
676,CENG,300,,2010,5,M,S,0,0,0
676,CENG,442,,2010,5,M,CB,2,2,3
676,CENG,344,,2010,95,M,DD,2,2,3
678,CENG,277,,2010,1,M,CC,3,0,3
678,CENG,375,,2010,1,M,DD,2,2,3
678,CENG,407,,2010,1,M,BB,1,2,2
678,CENG,408,,2010,1,M,BB,1,2,2
678,CENG,491,,2010,1,M,CB,3,0,3
678,MCS,245,,2010,1,E,FD,2,2,3
678,CENG,351,,2010,91,M,DD,2,2,3
678,MCS,258,,2010,91,M,DC,2,2,3
692,ALM,101,,2011,0,E,S,3,0,3
692,ALM,102,,2011,0,E,S,3,0,3
692,CENG,111,,2011,0,M,S,2,2,3
692,CENG,114,,2011,0,M,S,2,2,3
692,CENG,191,,2011,0,M,S,3,0,3
692,CENG,218,,2011,0,M,S,2,2,3
692,CENG,222,,2011,0,M,S,2,2,3
692,CENG,241,,2011,0,M,S,2,2,3
692,CENG,272,,2011,0,M,S,3,0,3
692,CENG,277,,2011,0,M,S,3,0,3
692,CENG,329,,2011,0,M,S,2,2,3
692,CENG,424,,2011,0,E,S,2,2,3
692,CENG,491,,2011,0,M,S,3,0,3
692,ECE,124,,2011,0,M,S,2,2,3
692,ECE,218,,2011,0,E,S,3,2,4
692,ECE,281,,2011,0,M,S,2,2,3
692,ENG,105,,2011,0,M,AA,0,6,3
692,ENG,106,,2011,0,M,BB,0,6,3
692,MCS,155,,2011,0,M,S,3,2,4
692,MCS,156,,2011,0,M,S,3,2,4
692,MCS,205,,2011,0,M,S,3,0,3
692,MCS,258,,2011,0,M,S,2,2,3
692,PHYS,111,,2011,0,M,S,3,2,4
692,PHYS,112,,2011,0,M,S,3,2,4
692,CENG,375,,2011,0,M,S,2,2,3
692,CENG,407,,2011,1,M,CB,1,2,2
692,CENG,487,,2011,1,M,CB,3,0,3
692,ESR,101,,2011,1,M,DD,1,0,1
692,HIST,201,,2011,1,M,CB,2,0,2
692,TURK,101,,2011,1,M,CB,2,0,2
692,THEA,270,,2011,1,E,AA,3,0,3
692,THEA,274,,2011,1,E,AA,3,0,3
692,CENG,331,,2011,1,M,CC,2,2,3
692,CENG,351,,2011,1,M,BB,2,2,3
692,CENG,292,,2011,3,M,DC,2,2,3
692,CENG,328,,2011,3,M,CB,2,2,3
692,CENG,442,,2011,3,M,DD,2,2,3
692,MAN,432,,2011,3,M,BA,3,0,3
692,TURK,102,,2011,3,M,CC,2,0,2
692,CENG,310,,2011,3,M,DD,3,0,3
692,CENG,334,,2011,3,M,DD,2,2,3
692,CENG,356,,2011,3,M,DC,2,2,3
692,CENG,200,,2011,5,M,S,0,0,0
692,CENG,408,,2011,5,M,AA,1,2,2
692,ENG,306,,2011,5,M,BA,0,2,1
692,HIST,202,,2011,5,M,AA,2,0,2
692,CENG,466,,2012,1,E,DC,3,0,3
692,FRAN,101,,2012,1,E,BB,3,0,3
692,CENG,353,,2012,1,E,DD,3,0,3
692,ACS,205,,2012,1,M,BA,0,4,2
692,RPW,305,,2012,1,M,BA,0,2,1
692,RTW,405,,2012,1,M,BB,0,2,1
692,PCS,406,,2012,1,M,AA,0,2,1
692,ACS,206,,2012,3,M,DD,0,4,2
692,CENG,300,,2012,5,M,S,0,0,0
694,ALM,101,,2010,1,E,CC,3,0,3
694,CENG,487,,2010,1,M,DD,3,0,3
694,ENG,401,,2010,1,M,DC,2,0,2
694,ESR,101,,2010,1,E,BA,1,0,1
694,PES,225,,2010,1,E,BA,3,0,3
694,ITAL,101,,2010,1,E,BA,3,0,3
694,RUS,101,,2010,1,E,BB,3,0,3
694,SPAN,101,,2010,1,E,CB,3,0,3
694,CENG,328,,2010,3,M,DC,2,2,3
694,CENG,442,,2010,3,M,CC,2,2,3
694,PES,244,,2010,3,E,AA,3,0,3
694,CENG,375,,2010,93,M,DC,2,2,3
694,MCS,205,,2010,93,M,DC,3,0,3
697,CENG,111,,2010,2,M,DD,2,2,3
697,CENG,191,,2010,2,M,DD,3,0,3
697,ECE,281,,2010,2,M,FD,2,2,3
697,ENG,205,,2010,2,M,FF,0,4,2
697,MCS,155,,2010,2,M,FF,3,2,4
697,CENG,114,,2010,4,M,FD,2,2,3
697,MCS,155,,2010,4,M,CB,3,2,4
697,MCS,156,,2010,4,M,FD,3,2,4
697,TURK,102,,2010,4,M,DD,2,0,2
697,CENG,114,,2010,6,M,BB,2,2,3
697,ENG,205,,2010,6,M,DD,0,4,2
697,MCS,156,,2010,6,M,BB,3,2,4
697,CENG,241,,2011,1,M,DD,2,2,3
697,CENG,277,,2011,1,M,CC,3,0,3
697,MCS,205,,2011,1,M,DD,3,0,3
697,PES,250,,2011,1,E,AA,3,0,3
697,PES,334,,2011,1,E,AA,3,0,3
697,CENG,222,,2011,3,M,CC,2,2,3
697,CENG,272,,2011,3,M,CC,3,0,3
697,CENG,292,,2011,3,M,DD,2,2,3
697,CENG,466,,2011,3,E,AA,3,0,3
697,HIST,202,,2011,3,M,CB,2,0,2
697,MCS,258,,2011,3,M,FD,2,2,3
697,JOR,103,,2011,3,E,BA,3,0,3
697,CENG,200,,2011,5,M,S,0,0,0
697,CENG,491,,2011,5,M,CB,3,0,3
697,CENG,331,,2011,5,M,BA,2,2,3
697,CENG,334,,2011,5,M,DD,2,2,3
697,ESR,101,,2012,1,E,BA,1,0,1
697,HIST,201,,2012,1,M,CB,2,0,2
697,CENG,351,,2012,1,M,BB,2,2,3
697,CENG,375,,2012,1,M,DC,2,2,3
697,CENG,353,,2012,1,M,DC,3,0,3
697,CENG,329,,2012,1,M,CB,2,2,3
697,CENG,407,,2012,1,M,CB,1,2,2
697,CENG,487,,2012,1,M,DC,3,0,3
697,RTW,405,,2012,1,M,CC,0,2,1
697,CENG,328,,2012,3,M,BB,2,2,3
697,CENG,560,,2012,3,E,AA,3,0,3
697,CENG,356,,2012,3,M,CB,2,2,3
697,CENG,408,,2012,3,M,BB,1,2,2
697,MAN,432,,2012,3,M,DC,3,0,3
697,CENG,344,,2012,3,M,CC,2,2,3
697,CENG,442,,2012,3,M,BB,2,2,3
697,ACS,205,,2012,3,M,DC,0,4,2
697,MCS,258,,2012,5,M,CB,2,2,3
697,CENG,300,,2012,5,M,S,0,0,0
697,CENG,218,,2012,5,M,DD,3,2,4
697,MAN,332,,2012,5,E,BB,3,0,3
697,ECE,281,,2012,95,M,CB,2,2,3
698,ALM,101,,2010,1,E,DC,3,0,3
698,CENG,329,,2010,1,M,DD,2,2,3
698,CENG,407,,2010,1,M,BA,1,2,2
698,CENG,468,,2010,1,E,BA,3,0,3
698,CENG,487,,2010,1,M,CC,3,0,3
698,CENG,491,,2010,1,M,DC,3,0,3
698,ENG,401,,2010,1,M,CC,2,0,2
698,CENG,218,,2010,3,M,FF,2,2,3
698,CENG,408,,2010,3,M,BB,1,2,2
698,CENG,442,,2010,3,M,FF,2,2,3
698,CENG,460,,2010,3,E,BA,3,0,3
698,CENG,466,,2010,3,E,AA,3,0,3
698,MAN,432,,2010,3,M,CC,3,0,3
698,PES,334,,2010,3,E,BB,3,0,3
698,JOR,103,,2010,3,E,AA,3,0,3
698,CENG,442,,2010,5,M,BB,2,2,3
698,CENG,218,,2010,93,M,DD,2,2,3
698,CENG,442,,2010,93,M,FF,2,2,3
702,CENG,277,,2010,1,M,FF,3,0,3
702,CENG,375,,2010,1,M,FD,2,2,3
702,CENG,407,,2010,1,M,BA,1,2,2
702,CENG,487,,2010,1,M,DC,3,0,3
702,ENG,401,,2010,1,M,DC,2,0,2
702,ESR,101,,2010,1,E,BB,1,0,1
702,HIST,201,,2010,1,M,CC,2,0,2
702,CENG,328,,2010,3,M,DD,2,2,3
702,CENG,334,,2010,3,M,CC,2,2,3
702,CENG,408,,2010,3,M,DD,1,2,2
702,CENG,442,,2010,3,M,DD,2,2,3
702,MAN,432,,2010,3,M,BB,3,0,3
702,MCS,258,,2010,3,M,FF,2,2,3
702,CENG,375,,2010,5,M,CC,2,2,3
702,MCS,155,,2010,5,M,DD,3,2,4
702,MCS,258,,2010,5,M,CC,2,2,3
702,ALM,101,,2011,1,E,CC,3,0,3
702,CENG,460,,2011,1,E,BB,3,0,3
702,CENG,468,,2011,1,E,AA,3,0,3
702,CENG,277,,2011,91,M,BB,3,0,3
703,CENG,491,,2010,1,M,CC,3,0,3
703,CENG,328,,2010,3,M,FF,2,2,3
703,CENG,442,,2010,5,M,BA,2,2,3
703,CENG,241,,2010,95,M,DD,2,2,3
703,CENG,328,,2010,95,M,DD,2,2,3
704,CENG,375,,2010,1,M,CC,2,2,3
704,CENG,334,,2010,91,M,DD,2,2,3
704,CENG,442,,2010,91,M,DD,2,2,3
710,CENG,331,,2012,1,M,DC,2,2,3
710,CENG,375,,2012,1,M,DD,2,2,3
710,CENG,329,,2012,1,M,DD,2,2,3
710,CENG,491,,2012,1,M,DD,3,0,3
710,RTW,405,,2012,1,M,CC,0,2,1
710,CENG,300,,2012,3,M,S,0,0,0
710,CENG,334,,2012,91,M,DC,2,2,3
710,CENG,356,,2012,91,M,BA,2,2,3
716,PES,243,,2010,1,E,AA,3,0,3
716,PES,244,,2010,1,E,BA,3,0,3
716,MCS,156,,2010,91,M,DD,3,2,4
725,CENG,111,,2010,2,M,CC,2,2,3
725,ECE,281,,2010,2,M,FD,2,2,3
725,CENG,222,,2010,4,M,CC,2,2,3
725,ECE,124,,2010,4,M,BB,2,2,3
725,ENG,206,,2010,4,M,BB,0,4,2
725,MCS,258,,2010,4,M,DD,2,2,3
727,CENG,351,,2010,1,M,DD,2,2,3
727,CENG,375,,2010,1,M,CC,2,2,3
727,CENG,407,,2010,1,M,AA,1,2,2
727,CENG,471,,2010,1,E,AA,3,0,3
727,CENG,487,,2010,1,M,CB,3,0,3
727,CENG,491,,2010,1,M,FD,3,0,3
727,ENG,401,,2010,1,M,CB,2,0,2
727,THEA,270,,2010,1,E,AA,3,0,3
727,CENG,408,,2010,3,M,AA,1,2,2
727,CENG,442,,2010,3,M,DD,2,2,3
727,CENG,460,,2010,3,E,AA,3,0,3
727,CENG,466,,2010,3,E,AA,3,0,3
727,MAN,432,,2010,3,M,CB,3,0,3
727,PES,238,,2010,3,E,AA,3,0,3
727,PES,243,,2010,3,E,AA,3,0,3
727,THEA,274,,2010,3,E,AA,3,0,3
727,CENG,300,,2010,5,M,S,0,0,0
727,CENG,491,,2010,93,M,DD,3,0,3
728,CENG,329,,2010,1,M,FD,2,2,3
728,CENG,331,,2010,1,M,FD,2,2,3
728,CENG,351,,2010,1,M,BB,2,2,3
728,ECE,281,,2010,1,M,DC,2,2,3
728,MCS,205,,2010,1,M,FF,3,0,3
728,CENG,272,,2010,3,M,DD,3,0,3
728,CENG,328,,2010,3,M,BB,2,2,3
728,CENG,334,,2010,3,M,FF,2,2,3
728,CENG,344,,2010,3,M,BB,2,2,3
728,CENG,356,,2010,3,M,BA,2,2,3
728,HIST,202,,2010,3,M,FF,2,0,2
728,MCS,156,,2010,5,M,FF,3,2,4
728,MCS,205,,2010,5,M,CC,3,0,3
728,CENG,329,,2011,1,M,FF,2,2,3
728,CENG,407,,2011,1,M,BB,1,2,2
728,CENG,487,,2011,1,M,CB,3,0,3
728,CENG,491,,2011,1,M,FD,3,0,3
728,HIST,201,,2011,1,M,BB,2,0,2
728,ENG,405,,2011,1,M,NA,0,2,1
728,CENG,331,,2011,1,M,FF,2,2,3
728,CEC,206,,2011,1,E,BB,3,0,3
728,CENG,394,,2011,3,E,AA,3,0,3
728,CENG,408,,2011,3,M,BB,1,2,2
728,CENG,442,,2011,3,M,CB,2,2,3
728,HIST,202,,2011,3,M,CB,2,0,2
728,MAN,432,,2011,3,M,BA,3,0,3
728,MCS,258,,2011,3,M,FF,2,2,3
728,CENG,334,,2011,3,M,DC,2,2,3
728,MCS,156,,2011,5,M,FF,3,2,4
728,CENG,331,,2011,5,M,NA,2,2,3
728,CENG,300,,2011,5,M,S,0,0,0
728,CENG,466,,2012,1,E,NA,3,0,3
728,ESR,101,,2012,1,E,NA,1,0,1
728,CENG,331,,2012,1,M,NA,2,2,3
728,CENG,375,,2012,1,M,FF,2,2,3
728,CENG,353,,2012,1,M,BA,3,0,3
728,CEC,301,,2012,1,E,AA,3,0,3
728,CENG,329,,2012,1,M,FF,2,2,3
728,CENG,491,,2012,1,M,DC,3,0,3
728,RTW,405,,2012,1,M,NA,0,2,1
728,ESR,101,,2012,3,E,NA,1,0,1
728,MCS,156,,2012,3,M,FF,3,2,4
728,MCS,258,,2012,3,M,FF,2,2,3
728,CEC,208,,2012,3,E,FF,3,0,3
728,RTW,405,,2012,3,M,BB,0,2,1
728,MCS,156,,2012,5,M,FD,3,2,4
728,MCS,258,,2012,5,M,FD,2,2,3
728,ESR,101,,2013,1,E,AA,1,0,1
728,MCS,258,,2013,1,M,FF,2,2,3
728,CENG,331,,2013,1,M,AA,2,2,3
728,CENG,375,,2013,1,M,DD,2,2,3
728,CENG,329,,2013,1,M,CB,2,2,3
728,MCS,156,,2013,3,M,DD,3,2,4
728,MCS,258,,2013,3,M,NA,2,2,3
728,CEC,208,,2013,3,E,NA,3,0,3
728,CENG,361,,2013,3,E,BA,2,2,3
728,MCS,258,,2013,5,M,DD,2,2,3
729,CENG,407,,2010,1,M,AA,1,2,2
729,CENG,408,,2010,1,M,BB,1,2,2
729,CENG,442,,2010,1,M,CC,2,2,3
729,CENG,460,,2010,1,E,AA,3,0,3
729,CENG,471,,2010,1,E,BA,3,0,3
729,CENG,487,,2010,1,M,CC,3,0,3
729,CENG,491,,2010,1,M,BA,3,0,3
729,ENG,401,,2010,1,M,CB,2,0,2
731,CENG,331,,2010,1,M,DC,2,2,3
731,CENG,353,,2010,1,M,CB,3,0,3
731,CENG,375,,2010,1,M,CB,2,2,3
731,CENG,407,,2010,1,M,BA,1,2,2
731,CENG,487,,2010,1,M,CC,3,0,3
731,CENG,491,,2010,1,M,CC,3,0,3
731,ENG,401,,2010,1,M,BB,2,0,2
731,SPAN,101,,2010,1,E,AA,3,0,3
731,CENG,334,,2010,3,M,DD,2,2,3
731,CENG,408,,2010,3,M,BB,1,2,2
731,CENG,442,,2010,3,M,FD,2,2,3
731,CENG,460,,2010,3,E,BA,3,0,3
731,MAN,432,,2010,3,M,DC,3,0,3
731,MCS,258,,2010,3,M,DD,2,2,3
731,PSY,208,,2010,3,E,BB,3,0,3
731,CENG,300,,2010,5,M,S,0,0,0
731,CENG,442,,2010,5,M,BA,2,2,3
731,CENG,442,,2010,93,M,FF,2,2,3
732,CENG,351,,2010,1,M,AA,2,2,3
732,CENG,353,,2010,1,M,BA,3,0,3
732,CENG,375,,2010,1,M,BB,2,2,3
732,CENG,407,,2010,1,M,AA,1,2,2
732,CENG,487,,2010,1,M,BB,3,0,3
732,CENG,491,,2010,1,M,AA,3,0,3
732,ENG,401,,2010,1,M,BB,2,0,2
732,CENG,292,,2010,3,M,BA,2,2,3
732,CENG,408,,2010,3,M,BB,1,2,2
732,CENG,442,,2010,3,M,BA,2,2,3
732,CENG,460,,2010,3,E,BA,3,0,3
732,CENG,466,,2010,3,E,AA,3,0,3
732,MAN,432,,2010,3,M,BB,3,0,3
735,CENG,353,,2010,1,M,BA,3,0,3
735,CENG,407,,2010,1,M,AA,1,2,2
735,CENG,408,,2010,1,M,BA,1,2,2
735,CENG,435,,2010,1,E,BA,2,2,3
735,CENG,487,,2010,1,M,CC,3,0,3
735,CENG,491,,2010,1,M,CC,3,0,3
735,ENG,401,,2010,1,M,DC,2,0,2
735,PSY,208,,2010,1,E,AA,3,0,3
736,CENG,351,,2010,1,M,BB,2,2,3
736,CENG,407,,2010,1,M,AA,1,2,2
736,CENG,460,,2010,1,E,AA,3,0,3
736,CENG,487,,2010,1,M,DC,3,0,3
736,CENG,491,,2010,1,M,DD,3,0,3
736,ENG,401,,2010,1,M,DD,2,0,2
736,CENG,328,,2010,3,M,CC,2,2,3
736,CENG,334,,2010,3,M,FF,2,2,3
736,CENG,408,,2010,3,M,DD,1,2,2
736,CENG,442,,2010,3,M,FF,2,2,3
736,CENG,466,,2010,3,E,BA,3,0,3
736,MAN,432,,2010,3,M,CC,3,0,3
736,PES,235,,2010,3,E,AA,3,0,3
736,ITAL,101,,2010,3,E,AA,3,0,3
736,CENG,218,,2010,5,M,CB,2,2,3
736,CENG,300,,2010,5,M,S,0,0,0
736,CENG,375,,2010,5,M,FD,2,2,3
736,MAN,423,,2010,5,E,DD,3,0,3
736,CENG,375,,2011,1,M,DD,2,2,3
736,CENG,442,,2011,91,M,BB,2,2,3
736,CENG,334,,2011,91,M,DD,2,2,3
739,CENG,111,,2010,1,M,BA,2,2,3
739,CENG,407,,2010,1,M,AA,1,2,2
739,CENG,460,,2010,1,E,AA,3,0,3
739,CENG,468,,2010,1,E,AA,3,0,3
739,CENG,487,,2010,1,M,CB,3,0,3
739,CENG,491,,2010,1,M,DC,3,0,3
739,ENG,401,,2010,1,M,BA,2,0,2
739,CENG,408,,2010,3,M,AA,1,2,2
739,CENG,442,,2010,3,M,CC,2,2,3
739,MAN,432,,2010,3,M,BA,3,0,3
739,PES,243,,2010,3,E,AA,3,0,3
739,JOR,103,,2010,3,E,AA,3,0,3
739,THEA,288,,2010,3,E,AA,3,0,3
740,CENG,329,,2010,1,M,CC,2,2,3
740,CENG,351,,2010,1,M,CC,2,2,3
740,CENG,375,,2010,1,M,CB,2,2,3
740,CENG,460,,2010,1,E,BA,3,0,3
740,CENG,487,,2010,1,M,BB,3,0,3
740,PES,244,,2010,1,E,BA,3,0,3
740,JOR,103,,2010,1,E,BA,3,0,3
740,CENG,328,,2010,3,M,CB,2,2,3
740,CENG,334,,2010,3,M,DD,2,2,3
740,CENG,344,,2010,3,M,DC,2,2,3
740,CENG,356,,2010,3,M,CB,2,2,3
740,CENG,407,,2010,3,M,AA,1,2,2
740,CENG,442,,2010,3,M,DD,2,2,3
740,CENG,466,,2010,3,E,AA,3,0,3
740,MAN,432,,2010,3,M,BB,3,0,3
740,CENG,300,,2010,5,M,S,0,0,0
740,CENG,491,,2010,5,M,CB,3,0,3
740,MCS,258,,2010,5,M,FF,2,2,3
740,CENG,408,,2011,1,M,CB,1,2,2
740,CENG,468,,2011,1,E,AA,3,0,3
740,ECE,281,,2011,1,M,DD,2,2,3
740,ESR,101,,2011,1,E,BB,1,0,1
740,ENG,405,,2011,1,M,DC,0,2,1
740,CEC,301,,2011,1,E,CB,3,0,3
740,MCS,258,,2011,91,M,CB,2,2,3
741,CENG,407,,2010,1,M,AA,1,2,2
741,CENG,460,,2010,1,E,AA,3,0,3
741,CENG,468,,2010,1,E,AA,3,0,3
741,CENG,487,,2010,1,M,BB,3,0,3
741,CENG,491,,2010,1,M,DD,3,0,3
741,ENG,401,,2010,1,M,BA,2,0,2
741,PES,243,,2010,1,E,AA,3,0,3
741,PES,244,,2010,1,E,BA,3,0,3
741,CENG,408,,2010,3,M,AA,1,2,2
741,CENG,442,,2010,3,M,DD,2,2,3
741,CENG,466,,2010,3,E,AA,3,0,3
741,MAN,432,,2010,3,M,BB,3,0,3
741,PES,238,,2010,3,E,AA,3,0,3
741,PSY,202,,2010,3,E,W,3,0,3
741,PSY,208,,2010,3,E,BA,3,0,3
741,SPAN,101,,2010,3,E,BA,3,0,3
742,CENG,329,,2010,1,M,DD,2,2,3
742,CENG,331,,2010,1,M,DD,2,2,3
742,CENG,375,,2010,1,M,DC,2,2,3
742,CENG,407,,2010,1,M,AA,1,2,2
742,CENG,460,,2010,1,E,AA,3,0,3
742,CENG,487,,2010,1,M,CC,3,0,3
742,ENG,401,,2010,1,M,CC,2,0,2
742,SPAN,101,,2010,1,E,AA,3,0,3
742,CENG,328,,2010,3,M,DD,2,2,3
742,CENG,334,,2010,3,M,DD,2,2,3
742,CENG,356,,2010,3,M,DD,2,2,3
742,CENG,408,,2010,3,M,AA,1,2,2
742,CENG,442,,2010,3,M,DD,2,2,3
742,CENG,466,,2010,3,E,AA,3,0,3
742,MAN,432,,2010,3,M,CC,3,0,3
742,OTT,101,,2010,3,E,AA,3,0,3
742,CENG,218,,2010,5,M,CB,2,2,3
742,CENG,491,,2010,5,M,CB,3,0,3
742,MCS,258,,2010,5,M,DD,2,2,3
742,CENG,241,,2011,1,M,DD,2,2,3
742,CENG,468,,2011,1,E,AA,3,0,3
742,MCS,205,,2011,1,M,DD,3,0,3
745,CENG,407,,2010,1,M,AA,1,2,2
745,CENG,460,,2010,1,E,AA,3,0,3
745,CENG,468,,2010,1,E,AA,3,0,3
745,CENG,487,,2010,1,M,BA,3,0,3
745,CENG,491,,2010,1,M,DC,3,0,3
745,ENG,401,,2010,1,M,CB,2,0,2
745,ALM,101,,2010,3,E,BB,3,0,3
745,CENG,408,,2010,3,M,AA,1,2,2
745,CENG,442,,2010,3,M,CC,2,2,3
745,CENG,466,,2010,3,E,AA,3,0,3
745,MAN,432,,2010,3,M,BA,3,0,3
745,PES,246,,2010,3,E,AA,3,0,3
745,ITAL,101,,2010,3,E,AA,3,0,3
746,CENG,111,,2010,1,M,AA,2,2,3
746,CENG,407,,2010,1,M,AA,1,2,2
746,CENG,460,,2010,1,E,AA,3,0,3
746,CENG,468,,2010,1,E,AA,3,0,3
746,CENG,487,,2010,1,M,BB,3,0,3
746,CENG,491,,2010,1,M,BA,3,0,3
746,ENG,401,,2010,1,M,AA,2,0,2
746,CENG,272,,2010,3,M,AA,3,0,3
746,CENG,408,,2010,3,M,AA,1,2,2
746,CENG,442,,2010,3,M,AA,2,2,3
746,MAN,432,,2010,3,M,BA,3,0,3
746,PES,243,,2010,3,E,AA,3,0,3
746,THEA,288,,2010,3,E,AA,3,0,3
748,CENG,407,,2010,1,M,AA,1,2,2
748,CENG,460,,2010,1,E,BA,3,0,3
748,CENG,487,,2010,1,M,DC,3,0,3
748,CENG,491,,2010,1,M,DC,3,0,3
748,ENG,401,,2010,1,M,DC,2,0,2
748,CENG,344,,2010,3,M,CC,2,2,3
748,CENG,408,,2010,3,M,AA,1,2,2
748,CENG,442,,2010,3,M,FD,2,2,3
748,CENG,466,,2010,3,E,AA,3,0,3
748,THEA,270,,2010,3,E,AA,3,0,3
748,THEA,274,,2010,3,E,AA,3,0,3
748,CENG,442,,2010,93,M,CC,2,2,3
749,CENG,241,,2010,1,M,BA,2,2,3
749,CENG,407,,2010,1,M,AA,1,2,2
749,CENG,460,,2010,1,E,AA,3,0,3
749,CENG,468,,2010,1,E,AA,3,0,3
749,CENG,487,,2010,1,M,CC,3,0,3
749,CENG,491,,2010,1,M,CB,3,0,3
749,ENG,401,,2010,1,M,BA,2,0,2
749,CENG,408,,2010,3,M,AA,1,2,2
749,CENG,442,,2010,3,M,CC,2,2,3
749,MAN,432,,2010,3,M,AA,3,0,3
749,THEA,288,,2010,3,E,BA,3,0,3
751,CENG,241,,2010,1,M,BA,2,2,3
751,CENG,375,,2010,1,M,CC,2,2,3
751,CENG,435,,2010,1,E,BB,2,2,3
751,CENG,218,,2010,3,M,BA,2,2,3
751,CENG,272,,2010,3,M,BB,3,0,3
751,CENG,356,,2010,3,M,CB,2,2,3
751,CENG,442,,2010,3,M,BB,2,2,3
751,CENG,460,,2010,3,E,AA,3,0,3
751,CENG,466,,2010,3,E,AA,3,0,3
752,CENG,331,,2010,1,M,DC,2,2,3
752,CENG,351,,2010,1,M,CB,2,2,3
752,CENG,407,,2010,1,M,AA,1,2,2
752,CENG,460,,2010,1,E,AA,3,0,3
752,CENG,487,,2010,1,M,CC,3,0,3
752,CENG,491,,2010,1,M,CC,3,0,3
752,ENG,401,,2010,1,M,CB,2,0,2
752,SPAN,101,,2010,1,E,AA,3,0,3
752,CENG,408,,2010,3,M,AA,1,2,2
752,CENG,442,,2010,3,M,FF,2,2,3
752,CENG,466,,2010,3,E,AA,3,0,3
752,MAN,432,,2010,3,M,CB,3,0,3
752,MCS,156,,2010,3,M,CB,3,2,4
752,PES,243,,2010,3,E,AA,3,0,3
752,THEA,288,,2010,3,E,BA,3,0,3
752,OTT,101,,2010,3,E,AA,3,0,3
752,CENG,300,,2010,5,M,S,0,0,0
752,CENG,442,,2010,93,M,DD,2,2,3
753,ALM,101,,2010,1,E,AA,3,0,3
753,CENG,353,,2010,1,M,AA,3,0,3
753,CENG,407,,2010,1,M,AA,1,2,2
753,CENG,468,,2010,1,E,AA,3,0,3
753,CENG,487,,2010,1,M,AA,3,0,3
753,CENG,491,,2010,1,M,DC,3,0,3
753,ENG,401,,2010,1,M,AA,2,0,2
753,CENG,334,,2010,3,M,CB,2,2,3
753,CENG,344,,2010,3,M,BA,2,2,3
753,CENG,408,,2010,3,M,AA,1,2,2
753,CENG,442,,2010,3,M,BB,2,2,3
753,CENG,460,,2010,3,E,AA,3,0,3
753,MAN,432,,2010,3,M,AA,3,0,3
753,PES,238,,2010,3,E,AA,3,0,3
753,PES,248,,2010,3,E,AA,3,0,3
754,CENG,111,,2010,2,M,FD,2,2,3
754,CENG,241,,2010,2,M,FF,2,2,3
754,CENG,277,,2010,2,M,FF,3,0,3
754,CENG,114,,2010,4,M,FD,2,2,3
754,ECE,124,,2010,4,M,FD,2,2,3
754,ENG,206,,2010,4,M,DC,0,4,2
754,MCS,156,,2010,4,M,FD,3,2,4
754,CENG,114,,2010,6,M,CC,2,2,3
754,CENG,241,,2010,6,M,CC,2,2,3
754,MCS,156,,2010,6,M,CC,3,2,4
754,CENG,111,,2011,2,M,DD,2,2,3
754,CENG,277,,2011,2,M,DC,3,0,3
754,ENG,205,,2011,2,M,CB,0,4,2
754,CENG,272,,2011,3,M,DD,3,0,3
754,CENG,292,,2011,3,M,CC,2,2,3
754,ECE,124,,2011,3,M,FD,2,2,3
754,HIST,202,,2011,3,M,CB,2,0,2
754,MCS,205,,2011,3,M,FF,3,0,3
754,CENG,218,,2011,5,M,DD,2,2,3
754,CENG,328,,2011,5,M,CC,2,2,3
754,ECE,281,,2011,5,M,CC,2,2,3
754,HIST,201,,2012,1,M,BB,2,0,2
754,MCS,205,,2012,1,M,FD,3,0,3
754,CENG,331,,2012,1,M,DD,2,2,3
754,CENG,353,,2012,1,M,CB,3,0,3
754,CENG,329,,2012,1,M,DC,2,2,3
754,RTW,405,,2012,1,M,CB,0,2,1
754,ESR,101,,2012,3,E,AA,1,0,1
754,MCS,258,,2012,3,M,DD,2,2,3
754,CENG,334,,2012,3,M,DD,2,2,3
754,CENG,356,,2012,3,M,CC,2,2,3
754,MAN,432,,2012,3,M,CC,3,0,3
754,CENG,344,,2012,3,M,CC,2,2,3
754,CENG,491,,2012,5,M,FF,3,0,3
754,CENG,442,,2012,5,M,DC,2,2,3
754,MAN,214,,2012,5,E,CB,3,0,3
754,CENG,351,,2013,1,M,DC,2,2,3
754,CENG,375,,2013,1,M,DD,2,2,3
754,CENG,487,,2013,1,M,CC,3,0,3
754,CENG,491,,2013,1,M,FD,3,0,3
754,CENG,407,,2013,1,M,AA,1,2,2
754,PES,244,,2013,3,E,AA,3,0,3
754,OTT,101,,2013,3,E,AA,3,0,3
754,ECE,124,,2013,3,M,CC,2,2,3
754,CENG,408,,2013,3,M,BA,1,2,2
754,CEC,216,,2013,3,E,AA,3,0,3
754,MCS,205,,2013,93,M,DD,3,0,3
754,CENG,491,,2013,93,M,DC,3,0,3
755,CENG,351,,2010,1,M,AA,2,2,3
755,CENG,375,,2010,1,M,AA,2,2,3
755,CENG,407,,2010,1,M,BA,1,2,2
755,CENG,468,,2010,1,E,AA,3,0,3
755,ENG,401,,2010,1,M,AA,2,0,2
755,PSY,208,,2010,1,E,AA,3,0,3
755,CENG,272,,2010,3,M,AA,3,0,3
755,CENG,292,,2010,3,M,AA,2,2,3
755,CENG,344,,2010,3,M,AA,2,2,3
755,CENG,356,,2010,3,M,AA,2,2,3
755,CENG,408,,2010,3,M,AA,1,2,2
755,CENG,460,,2010,3,E,AA,3,0,3
755,HIST,202,,2010,3,M,AA,2,0,2
755,ITAL,101,,2010,3,E,AA,3,0,3
755,CENG,300,,2010,5,M,S,0,0,0
756,CENG,353,,2010,1,M,BA,3,0,3
756,CENG,407,,2010,1,M,AA,1,2,2
756,CENG,460,,2010,1,E,AA,3,0,3
756,CENG,468,,2010,1,E,AA,3,0,3
756,CENG,487,,2010,1,M,CC,3,0,3
756,CENG,491,,2010,1,M,FF,3,0,3
756,ENG,401,,2010,1,M,CB,2,0,2
756,PES,246,,2010,1,E,AA,3,0,3
756,CENG,328,,2010,3,M,CB,2,2,3
756,CENG,408,,2010,3,M,AA,1,2,2
756,CENG,442,,2010,3,M,CB,2,2,3
756,CENG,466,,2010,3,E,AA,3,0,3
756,PES,334,,2010,3,E,BA,3,0,3
756,CENG,491,,2010,93,M,DD,3,0,3
757,CENG,328,,2010,91,M,CC,2,2,3
757,CENG,442,,2010,91,M,CB,2,2,3
758,CENG,353,,2010,1,M,CB,3,0,3
758,CENG,407,,2010,1,M,BA,1,2,2
758,CENG,471,,2010,1,E,BA,3,0,3
758,CENG,487,,2010,1,M,DC,3,0,3
758,CENG,491,,2010,1,M,DD,3,0,3
758,ENG,401,,2010,1,M,CC,2,0,2
758,CENG,272,,2010,3,M,DD,3,0,3
758,CENG,334,,2010,3,M,DD,2,2,3
758,CENG,408,,2010,3,M,DD,1,2,2
758,CENG,442,,2010,3,M,FD,2,2,3
758,CENG,460,,2010,3,E,AA,3,0,3
758,CENG,466,,2010,3,E,AA,3,0,3
758,MAN,432,,2010,3,M,BB,3,0,3
758,THEA,290,,2010,3,E,W,3,0,3
758,CENG,300,,2010,5,M,S,0,0,0
758,CENG,442,,2010,5,M,CB,2,2,3
758,MCS,155,,2010,5,M,DD,3,2,4
758,MCS,258,,2010,5,M,FD,2,2,3
758,ELL,507,,2011,1,E,BA,3,0,3
758,MCS,258,,2011,91,M,CB,2,2,3
760,CENG,241,,2010,1,M,CC,2,2,3
760,CENG,408,,2010,1,M,BA,1,2,2
760,CENG,491,,2010,1,M,FF,3,0,3
760,ENG,401,,2010,1,M,CB,2,0,2
760,CENG,218,,2010,3,M,DD,2,2,3
760,CENG,344,,2010,3,M,CC,2,2,3
760,CENG,442,,2010,3,M,DD,2,2,3
760,CENG,491,,2010,93,M,CC,3,0,3
761,CENG,353,,2010,1,M,AA,3,0,3
761,CENG,407,,2010,1,M,AA,1,2,2
761,CENG,468,,2010,1,E,AA,3,0,3
761,CENG,487,,2010,1,M,AA,3,0,3
761,CENG,491,,2010,1,M,BB,3,0,3
761,ENG,401,,2010,1,M,BA,2,0,2
761,THEA,267,,2010,1,E,AA,3,0,3
761,CENG,408,,2010,3,M,AA,1,2,2
761,CENG,442,,2010,3,M,BA,2,2,3
761,CENG,460,,2010,3,E,AA,3,0,3
762,CENG,407,,2010,1,M,AA,1,2,2
762,CENG,435,,2010,1,E,FF,2,2,3
762,CENG,468,,2010,1,E,AA,3,0,3
762,CENG,487,,2010,1,M,BA,3,0,3
762,CENG,491,,2010,1,M,CC,3,0,3
762,ENG,401,,2010,1,M,AA,2,0,2
762,CENG,408,,2010,3,M,BB,1,2,2
762,CENG,442,,2010,3,M,DD,2,2,3
762,CENG,460,,2010,3,E,AA,3,0,3
762,MAN,432,,2010,3,M,BA,3,0,3
762,THEA,288,,2010,3,E,BA,3,0,3
763,CENG,353,,2010,1,M,BA,3,0,3
763,CENG,407,,2010,1,M,AA,1,2,2
763,CENG,460,,2010,1,E,AA,3,0,3
763,CENG,468,,2010,1,E,AA,3,0,3
763,ENG,401,,2010,1,M,BB,2,0,2
763,ITAL,101,,2010,1,E,AA,3,0,3
763,THEA,274,,2010,1,E,AA,3,0,3
763,CENG,218,,2010,3,M,CB,2,2,3
763,CENG,344,,2010,3,M,CC,2,2,3
763,CENG,356,,2010,3,M,BA,2,2,3
763,CENG,408,,2010,3,M,AA,1,2,2
764,CENG,111,,2010,1,M,BA,2,2,3
764,CENG,407,,2010,1,M,AA,1,2,2
764,CENG,468,,2010,1,E,AA,3,0,3
764,CENG,487,,2010,1,M,CC,3,0,3
764,CENG,491,,2010,1,M,CC,3,0,3
764,ENG,401,,2010,1,M,CB,2,0,2
764,CENG,408,,2010,3,M,AA,1,2,2
764,CENG,442,,2010,3,M,DC,2,2,3
764,CENG,460,,2010,3,E,AA,3,0,3
764,MAN,432,,2010,3,M,BB,3,0,3
764,PES,243,,2010,3,E,BA,3,0,3
764,JOR,103,,2010,3,E,AA,3,0,3
764,THEA,270,,2010,3,E,AA,3,0,3
764,THEA,288,,2010,3,E,BA,3,0,3
765,ALM,101,,2010,1,E,BB,3,0,3
765,CENG,353,,2010,1,M,BB,3,0,3
765,CENG,407,,2010,1,M,BA,1,2,2
765,CENG,487,,2010,1,M,CC,3,0,3
765,CENG,491,,2010,1,M,DD,3,0,3
765,ENG,401,,2010,1,M,BA,2,0,2
765,PES,248,,2010,1,E,FF,3,0,3
765,CENG,218,,2010,3,M,FF,2,2,3
765,CENG,408,,2010,3,M,BB,1,2,2
765,CENG,442,,2010,3,M,FF,2,2,3
765,CENG,460,,2010,3,E,BA,3,0,3
765,MAN,432,,2010,3,M,CC,3,0,3
765,PSY,208,,2010,3,E,BB,3,0,3
765,JOR,103,,2010,3,E,AA,3,0,3
765,THEA,290,,2010,3,E,BB,3,0,3
765,CENG,442,,2010,5,M,BB,2,2,3
765,CENG,218,,2010,93,M,DD,2,2,3
765,CENG,442,,2010,93,M,FF,2,2,3
767,ALM,101,,2010,1,E,AA,3,0,3
767,CENG,407,,2010,1,M,BA,1,2,2
767,CENG,487,,2010,1,M,DC,3,0,3
767,CENG,491,,2010,1,M,FD,3,0,3
767,ENG,401,,2010,1,M,CB,2,0,2
767,SPAN,101,,2010,1,E,AA,3,0,3
767,CENG,344,,2010,3,M,CC,2,2,3
767,CENG,408,,2010,3,M,AA,1,2,2
767,CENG,442,,2010,3,M,DC,2,2,3
767,CENG,460,,2010,3,E,AA,3,0,3
767,CENG,466,,2010,3,E,AA,3,0,3
767,MAN,432,,2010,3,M,CC,3,0,3
767,PES,334,,2010,3,E,BB,3,0,3
767,CENG,491,,2010,93,M,DD,3,0,3
768,CENG,353,,2010,1,M,BA,3,0,3
768,CENG,407,,2010,1,M,AA,1,2,2
768,CENG,460,,2010,1,E,AA,3,0,3
768,CENG,487,,2010,1,M,CB,3,0,3
768,CENG,491,,2010,1,M,DD,3,0,3
768,ENG,401,,2010,1,M,BB,2,0,2
768,THEA,267,,2010,1,E,AA,3,0,3
768,CENG,408,,2010,3,M,AA,1,2,2
768,CENG,442,,2010,3,M,CC,2,2,3
768,CENG,466,,2010,3,E,AA,3,0,3
768,THEA,274,,2010,3,E,AA,3,0,3
769,CENG,407,,2010,1,M,AA,1,2,2
769,CENG,460,,2010,1,E,AA,3,0,3
769,CENG,468,,2010,1,E,AA,3,0,3
769,CENG,487,,2010,1,M,BB,3,0,3
769,CENG,491,,2010,1,M,DD,3,0,3
769,ENG,401,,2010,1,M,AA,2,0,2
769,CENG,408,,2010,3,M,AA,1,2,2
769,CENG,442,,2010,3,M,CB,2,2,3
769,CENG,466,,2010,3,E,AA,3,0,3
769,MAN,432,,2010,3,M,BB,3,0,3
769,CENG,300,,2010,5,M,S,0,0,0
770,CENG,241,,2010,1,M,BB,2,2,3
770,CENG,407,,2010,1,M,AA,1,2,2
770,CENG,460,,2010,1,E,AA,3,0,3
770,CENG,468,,2010,1,E,AA,3,0,3
770,CENG,487,,2010,1,M,CB,3,0,3
770,CENG,491,,2010,1,M,CB,3,0,3
770,ENG,401,,2010,1,M,AA,2,0,2
770,CENG,408,,2010,3,M,AA,1,2,2
770,CENG,442,,2010,3,M,CC,2,2,3
770,MAN,432,,2010,3,M,AA,3,0,3
770,THEA,288,,2010,3,E,BA,3,0,3
771,CENG,407,,2010,1,M,AA,1,2,2
771,CENG,460,,2010,1,E,AA,3,0,3
771,CENG,487,,2010,1,M,CB,3,0,3
771,CENG,491,,2010,1,M,CB,3,0,3
771,ENG,401,,2010,1,M,BA,2,0,2
771,ITAL,101,,2010,1,E,AA,3,0,3
771,CENG,408,,2010,3,M,AA,1,2,2
771,CENG,442,,2010,3,M,CB,2,2,3
771,MAN,432,,2010,3,M,BB,3,0,3
771,THEA,288,,2010,3,E,AA,3,0,3
772,CENG,407,,2010,1,M,AA,1,2,2
772,CENG,460,,2010,1,E,AA,3,0,3
772,CENG,468,,2010,1,E,AA,3,0,3
772,CENG,487,,2010,1,M,CB,3,0,3
772,CENG,491,,2010,1,M,BA,3,0,3
772,ENG,401,,2010,1,M,BB,2,0,2
772,CENG,272,,2010,3,M,AA,3,0,3
772,CENG,408,,2010,3,M,AA,1,2,2
772,CENG,442,,2010,3,M,BB,2,2,3
772,MAN,432,,2010,3,M,BB,3,0,3
772,ITAL,101,,2010,3,E,AA,3,0,3
773,CENG,407,,2010,1,M,AA,1,2,2
773,CENG,435,,2010,1,E,FF,2,2,3
773,CENG,487,,2010,1,M,BB,3,0,3
773,CENG,491,,2010,1,M,DC,3,0,3
773,ENG,401,,2010,1,M,AA,2,0,2
773,THEA,270,,2010,1,E,AA,3,0,3
773,CENG,408,,2010,3,M,BA,1,2,2
773,CENG,442,,2010,3,M,DC,2,2,3
773,CENG,460,,2010,3,E,AA,3,0,3
773,MAN,432,,2010,3,M,AA,3,0,3
773,THEA,274,,2010,3,E,AA,3,0,3
774,CENG,353,,2010,1,M,DC,3,0,3
774,CENG,407,,2010,1,M,AA,1,2,2
774,CENG,460,,2010,1,E,AA,3,0,3
774,CENG,487,,2010,1,M,DC,3,0,3
774,CENG,491,,2010,1,M,DC,3,0,3
774,ENG,401,,2010,1,M,BB,2,0,2
774,ITAL,101,,2010,1,E,AA,3,0,3
774,CENG,334,,2010,3,M,DD,2,2,3
774,CENG,344,,2010,3,M,CC,2,2,3
774,CENG,408,,2010,3,M,AA,1,2,2
774,CENG,442,,2010,3,M,DD,2,2,3
774,MAN,432,,2010,3,M,DD,3,0,3
774,THEA,288,,2010,3,E,AA,3,0,3
775,CENG,353,,2010,1,M,CB,3,0,3
775,CENG,407,,2010,1,M,AA,1,2,2
775,CENG,460,,2010,1,E,AA,3,0,3
775,CENG,487,,2010,1,M,CC,3,0,3
775,CENG,491,,2010,1,M,CC,3,0,3
775,ENG,401,,2010,1,M,BA,2,0,2
775,ITAL,101,,2010,1,E,AA,3,0,3
775,CENG,408,,2010,3,M,AA,1,2,2
775,CENG,442,,2010,3,M,DD,2,2,3
775,MAN,432,,2010,3,M,CC,3,0,3
775,THEA,288,,2010,3,E,AA,3,0,3
776,CENG,331,,2010,1,M,DD,2,2,3
776,CENG,351,,2010,1,M,CB,2,2,3
776,CENG,407,,2010,1,M,AA,1,2,2
776,CENG,460,,2010,1,E,AA,3,0,3
776,CENG,468,,2010,1,E,AA,3,0,3
776,CENG,487,,2010,1,M,CC,3,0,3
776,CENG,491,,2010,1,M,CB,3,0,3
776,ENG,401,,2010,1,M,CC,2,0,2
776,ALM,101,,2010,3,E,BB,3,0,3
776,CENG,408,,2010,3,M,AA,1,2,2
776,CENG,442,,2010,3,M,FD,2,2,3
776,MAN,432,,2010,3,M,CC,3,0,3
776,ITAL,101,,2010,3,E,AA,3,0,3
776,THEA,270,,2010,3,E,AA,3,0,3
776,CENG,442,,2010,5,M,AA,2,2,3
776,CENG,442,,2010,93,M,FF,2,2,3
777,CENG,300,,2010,1,M,S,0,0,0
777,CENG,331,,2010,1,M,CB,2,2,3
777,CENG,353,,2010,1,M,BA,3,0,3
777,CENG,407,,2010,1,M,AA,1,2,2
777,CENG,487,,2010,1,M,CC,3,0,3
777,CENG,491,,2010,1,M,DD,3,0,3
777,ENG,401,,2010,1,M,AA,2,0,2
777,THEA,267,,2010,1,E,AA,3,0,3
777,CENG,408,,2010,3,M,BB,1,2,2
777,CENG,442,,2010,3,M,CB,2,2,3
777,CENG,466,,2010,3,E,AA,3,0,3
777,MAN,432,,2010,3,M,AA,3,0,3
777,THEA,274,,2010,3,E,AA,3,0,3
779,CENG,277,,2010,2,M,FF,3,0,3
779,ECE,281,,2010,2,M,DD,2,2,3
779,ENG,205,,2010,2,M,FF,0,4,2
779,MCS,155,,2010,2,M,FF,3,2,4
779,TURK,101,,2010,2,M,FF,2,0,2
779,CENG,218,,2010,4,M,FF,2,2,3
779,CENG,292,,2010,4,M,FF,2,2,3
779,ECE,124,,2010,4,M,FD,2,2,3
779,MCS,155,,2010,4,M,BB,3,2,4
779,CENG,114,,2010,6,M,BA,2,2,3
779,CENG,218,,2010,6,M,CB,2,2,3
779,ENG,205,,2010,6,M,NA,0,4,2
779,CENG,277,,2011,2,M,BB,3,0,3
779,ENG,205,,2011,2,M,CC,0,4,2
779,TURK,101,,2011,2,M,BB,2,0,2
779,CENG,222,,2011,3,M,DC,2,2,3
779,CENG,272,,2011,3,M,CB,3,0,3
779,CENG,466,,2011,3,E,AA,3,0,3
779,MCS,205,,2011,3,M,DD,3,0,3
779,MCS,258,,2011,3,M,DC,2,2,3
779,PES,250,,2011,3,E,AA,3,0,3
779,PES,334,,2011,3,E,AA,3,0,3
779,CENG,200,,2011,5,M,S,0,0,0
779,CENG,241,,2011,5,M,BA,2,2,3
779,CENG,491,,2011,5,M,DD,3,0,3
779,CENG,331,,2011,5,M,BB,2,2,3
779,CENG,351,,2012,1,M,DC,2,2,3
779,CENG,375,,2012,1,M,DC,2,2,3
779,CENG,344,,2012,1,M,CB,2,2,3
779,CENG,353,,2012,1,M,DC,3,0,3
779,CENG,329,,2012,1,M,DD,2,2,3
779,CENG,407,,2012,1,M,BA,1,2,2
779,CENG,487,,2012,1,M,CC,3,0,3
779,RTW,405,,2012,1,M,CC,0,2,1
779,CENG,328,,2012,3,M,FD,2,2,3
779,CENG,462,,2012,3,E,BB,2,2,3
779,ESR,101,,2012,3,E,AA,1,0,1
779,RUS,101,,2012,3,E,BB,3,0,3
779,CENG,356,,2012,3,M,CC,2,2,3
779,CENG,408,,2012,3,M,NA,1,2,2
779,MAN,432,,2012,3,M,DC,3,0,3
779,CEC,301,,2012,3,E,AA,3,0,3
779,CENG,328,,2012,5,M,CB,2,2,3
779,CENG,334,,2012,5,M,AA,2,2,3
779,CENG,300,,2012,5,M,U,0,0,0
779,CENG,442,,2012,5,M,BA,2,2,3
779,CENG,300,,2013,1,M,S,0,0,0
779,CENG,408,,2013,1,M,BA,1,2,2
779,CENG,292,,2013,91,M,BB,2,2,3
779,ECE,124,,2013,91,M,DC,2,2,3
780,CENG,375,,2010,1,M,CB,2,2,3
780,CENG,407,,2010,1,M,AA,1,2,2
780,CENG,460,,2010,1,E,BA,3,0,3
780,CENG,468,,2010,1,E,AA,3,0,3
780,CENG,487,,2010,1,M,DC,3,0,3
780,CENG,491,,2010,1,M,FF,3,0,3
780,ENG,401,,2010,1,M,CB,2,0,2
780,CENG,218,,2010,3,M,FF,2,2,3
780,CENG,334,,2010,3,M,DD,2,2,3
780,CENG,344,,2010,3,M,DD,2,2,3
780,CENG,408,,2010,3,M,BA,1,2,2
780,CENG,442,,2010,3,M,FD,2,2,3
780,MAN,432,,2010,3,M,BB,3,0,3
780,PES,334,,2010,3,E,BB,3,0,3
780,JOR,103,,2010,3,E,CB,3,0,3
780,CENG,218,,2010,5,M,BB,2,2,3
780,CENG,442,,2010,5,M,CB,2,2,3
780,CENG,491,,2010,5,M,CB,3,0,3
781,CENG,407,,2010,1,M,AA,1,2,2
781,CENG,460,,2010,1,E,AA,3,0,3
781,CENG,487,,2010,1,M,BB,3,0,3
781,CENG,491,,2010,1,M,CC,3,0,3
781,ENG,401,,2010,1,M,BB,2,0,2
781,THEA,267,,2010,1,E,BA,3,0,3
781,CENG,408,,2010,3,M,AA,1,2,2
781,CENG,442,,2010,3,M,CB,2,2,3
781,CENG,466,,2010,3,E,AA,3,0,3
781,MAN,432,,2010,3,M,BB,3,0,3
781,THEA,274,,2010,3,E,AA,3,0,3
782,CENG,407,,2010,1,M,AA,1,2,2
782,CENG,460,,2010,1,E,AA,3,0,3
782,CENG,468,,2010,1,E,AA,3,0,3
782,ENG,401,,2010,1,M,AA,2,0,2
782,THEA,267,,2010,1,E,AA,3,0,3
782,ITAL,101,,2010,1,E,AA,3,0,3
782,SPAN,101,,2010,1,E,AA,3,0,3
782,CENG,344,,2010,3,M,BA,2,2,3
782,CENG,356,,2010,3,M,AA,2,2,3
782,CENG,408,,2010,3,M,AA,1,2,2
786,CENG,329,,2010,1,M,FF,2,2,3
786,CENG,331,,2010,1,M,DD,2,2,3
786,CENG,351,,2010,1,M,DC,2,2,3
786,CENG,407,,2010,1,M,BB,1,2,2
786,CENG,460,,2010,1,E,BB,3,0,3
786,ENG,401,,2010,1,M,DD,2,0,2
786,CENG,328,,2010,3,M,FF,2,2,3
786,CENG,344,,2010,3,M,FD,2,2,3
786,CENG,408,,2010,3,M,DD,1,2,2
786,CENG,442,,2010,3,M,FF,2,2,3
786,MAN,432,,2010,3,M,DD,3,0,3
786,CENG,375,,2010,5,M,FF,2,2,3
786,CENG,442,,2010,5,M,CB,2,2,3
786,CENG,491,,2010,5,M,DD,3,0,3
786,ALM,101,,2011,1,E,AA,3,0,3
786,CENG,329,,2011,1,M,FF,2,2,3
786,CENG,487,,2011,1,M,FF,3,0,3
786,PES,250,,2011,1,E,AA,3,0,3
786,CENG,375,,2011,1,M,DD,2,2,3
786,CENG,328,,2011,3,M,DC,2,2,3
786,CENG,466,,2011,3,E,AA,3,0,3
786,INTT,234,,2011,3,E,AA,3,0,3
786,CENG,344,,2011,3,M,DD,2,2,3
786,CEC,200,,2011,3,E,AA,3,0,3
786,CENG,300,,2011,5,M,S,0,0,0
786,CENG,329,,2011,93,M,DD,2,2,3
786,CENG,487,,2011,93,M,DD,3,0,3
787,CENG,407,,2010,1,M,AA,1,2,2
787,CENG,460,,2010,1,E,AA,3,0,3
787,CENG,468,,2010,1,E,AA,3,0,3
787,CENG,487,,2010,1,M,CB,3,0,3
787,CENG,491,,2010,1,M,DD,3,0,3
787,ENG,401,,2010,1,M,BB,2,0,2
787,CENG,272,,2010,3,M,BB,3,0,3
787,CENG,408,,2010,3,M,AA,1,2,2
787,CENG,442,,2010,3,M,DD,2,2,3
787,MAN,432,,2010,3,M,CB,3,0,3
787,ITAL,101,,2010,3,E,AA,3,0,3
787,THEA,288,,2010,3,E,AA,3,0,3
797,CENG,241,,2010,1,M,FF,2,2,3
797,CENG,351,,2010,1,M,DC,2,2,3
797,CENG,353,,2010,1,M,CC,3,0,3
797,CENG,375,,2010,1,M,FD,2,2,3
797,CENG,468,,2010,1,E,AA,3,0,3
797,CENG,328,,2010,3,M,DD,2,2,3
797,CENG,356,,2010,3,M,CC,2,2,3
797,CENG,442,,2010,3,M,FD,2,2,3
797,CENG,460,,2010,3,E,AA,3,0,3
797,MAN,432,,2010,3,M,BA,3,0,3
797,TURK,102,,2010,3,M,DD,2,0,2
797,CENG,218,,2010,5,M,BB,2,2,3
797,CENG,300,,2010,5,M,S,0,0,0
797,CENG,442,,2010,5,M,BB,2,2,3
797,MCS,258,,2010,5,M,FF,2,2,3
797,CENG,241,,2011,1,M,CC,2,2,3
797,CENG,407,,2011,1,M,BB,1,2,2
797,CENG,487,,2011,1,M,CC,3,0,3
797,CENG,491,,2011,1,M,FF,3,0,3
797,ESR,101,,2011,1,E,CC,1,0,1
797,PES,248,,2011,1,E,AA,3,0,3
797,ENG,405,,2011,1,M,CC,0,2,1
797,CENG,375,,2011,1,M,DD,2,2,3
797,CEC,243,,2011,1,E,BA,3,0,3
797,CENG,222,,2011,3,M,BA,2,2,3
797,CENG,272,,2011,3,M,DD,3,0,3
797,CENG,408,,2011,3,M,AA,1,2,2
797,ECE,124,,2011,3,M,FF,2,2,3
797,MCS,156,,2011,3,M,FF,3,2,4
797,MCS,258,,2011,3,M,FD,2,2,3
797,CENG,334,,2011,3,M,DD,2,2,3
797,CENG,344,,2011,3,M,DD,2,2,3
797,CENG,491,,2011,5,M,DD,3,0,3
797,MCS,156,,2011,5,M,FD,3,2,4
797,MCS,156,,2012,1,M,DD,3,2,4
797,MCS,258,,2012,1,M,FF,2,2,3
797,MCS,258,,2012,91,M,CB,2,2,3
797,ECE,124,,2012,91,M,BB,2,2,3
798,CENG,241,,2010,1,M,DD,2,2,3
798,CENG,329,,2010,1,M,DD,2,2,3
798,CENG,351,,2010,1,M,DC,2,2,3
798,CENG,353,,2010,1,M,CC,3,0,3
798,ECE,281,,2010,1,M,CC,2,2,3
798,CENG,218,,2010,3,M,FD,2,2,3
798,CENG,222,,2010,3,M,DD,2,2,3
798,CENG,272,,2010,3,M,FD,3,0,3
798,CENG,344,,2010,3,M,FF,2,2,3
798,CENG,356,,2010,3,M,DD,2,2,3
798,CENG,300,,2010,5,M,S,0,0,0
798,CENG,331,,2010,5,M,CC,2,2,3
798,CENG,375,,2010,5,M,DC,2,2,3
798,CENG,491,,2010,5,M,DD,3,0,3
798,CENG,407,,2011,1,M,BB,1,2,2
798,CENG,460,,2011,1,E,BA,3,0,3
798,CENG,487,,2011,1,M,FF,3,0,3
798,ESR,101,,2011,1,E,CC,1,0,1
798,PES,244,,2011,1,E,BA,3,0,3
798,PES,248,,2011,1,E,AA,3,0,3
798,ENG,405,,2011,1,M,DD,0,2,1
798,CENG,272,,2011,3,M,DD,3,0,3
798,CENG,328,,2011,3,M,DD,2,2,3
798,CENG,394,,2011,3,E,DD,3,0,3
798,CENG,408,,2011,3,M,CB,1,2,2
798,CENG,442,,2011,3,M,FD,2,2,3
798,CENG,466,,2011,3,E,AA,3,0,3
798,MAN,432,,2011,3,M,BB,3,0,3
798,CENG,334,,2011,3,M,DC,2,2,3
798,CENG,218,,2011,5,M,DC,2,2,3
798,CENG,442,,2011,5,M,DD,2,2,3
798,CENG,487,,2011,95,M,DC,3,0,3
798,CENG,344,,2011,95,M,DD,2,2,3
798,CENG,394,,2012,91,E,BB,3,0,3
799,CENG,407,,2010,1,M,AA,1,2,2
799,CENG,460,,2010,1,E,AA,3,0,3
799,CENG,487,,2010,1,M,BA,3,0,3
799,CENG,491,,2010,1,M,DC,3,0,3
799,ENG,401,,2010,1,M,BA,2,0,2
799,CENG,408,,2010,3,M,AA,1,2,2
799,CENG,442,,2010,3,M,DC,2,2,3
799,CENG,466,,2010,3,E,AA,3,0,3
799,MAN,432,,2010,3,M,BB,3,0,3
800,CENG,277,,2010,1,M,DD,3,0,3
800,CENG,329,,2010,1,M,DD,2,2,3
800,CENG,331,,2010,1,M,FF,2,2,3
800,CENG,351,,2010,1,M,DC,2,2,3
800,PSY,208,,2010,1,E,AA,3,0,3
800,CENG,222,,2010,3,M,FD,2,2,3
800,CENG,328,,2010,3,M,FF,2,2,3
800,CENG,334,,2010,3,M,FD,2,2,3
800,CENG,356,,2010,3,M,DC,2,2,3
800,HIST,202,,2010,3,M,BB,2,0,2
800,CENG,300,,2010,5,M,S,0,0,0
800,CENG,331,,2010,5,M,CC,2,2,3
800,CENG,375,,2010,5,M,DD,2,2,3
800,CENG,491,,2010,5,M,BB,3,0,3
800,CENG,407,,2011,1,M,AA,1,2,2
800,CENG,460,,2011,1,E,CC,3,0,3
800,CENG,487,,2011,1,M,FF,3,0,3
800,ESR,101,,2011,1,E,BA,1,0,1
800,PES,250,,2011,1,E,AA,3,0,3
800,ENG,405,,2011,1,M,DD,0,2,1
800,CENG,353,,2011,1,M,FD,3,0,3
800,CENG,222,,2011,3,M,DD,2,2,3
800,CENG,328,,2011,3,M,FD,2,2,3
800,CENG,408,,2011,3,M,AA,1,2,2
800,CENG,442,,2011,3,M,CB,2,2,3
800,CENG,466,,2011,3,E,AA,3,0,3
800,MAN,432,,2011,3,M,BB,3,0,3
800,PES,244,,2011,3,E,BA,3,0,3
800,CENG,334,,2011,3,M,CC,2,2,3
800,CENG,328,,2011,5,M,CC,2,2,3
800,CENG,487,,2011,95,M,CC,3,0,3
800,CENG,353,,2011,95,M,CC,3,0,3
801,CENG,329,,2010,1,M,BB,2,2,3
801,CENG,331,,2010,1,M,DC,2,2,3
801,CENG,351,,2010,1,M,BB,2,2,3
801,CENG,353,,2010,1,M,BA,3,0,3
801,CENG,375,,2010,1,M,AA,2,2,3
801,ITAL,101,,2010,1,E,AA,3,0,3
801,CENG,328,,2010,3,M,AA,2,2,3
801,CENG,334,,2010,3,M,CC,2,2,3
801,CENG,344,,2010,3,M,CB,2,2,3
801,CENG,356,,2010,3,M,AA,2,2,3
801,MCS,258,,2010,3,M,AA,2,2,3
801,PES,246,,2010,3,E,AA,3,0,3
801,THEA,270,,2010,3,E,AA,3,0,3
801,CENG,300,,2010,5,M,S,0,0,0
801,CENG,407,,2011,1,M,AA,1,2,2
801,CENG,460,,2011,1,E,AA,3,0,3
801,CENG,468,,2011,1,E,AA,3,0,3
801,CENG,487,,2011,1,M,BA,3,0,3
801,CENG,491,,2011,1,M,BA,3,0,3
801,ESR,101,,2011,1,E,BA,1,0,1
801,ENG,405,,2011,1,M,AA,0,2,1
801,CENG,408,,2011,3,M,BA,1,2,2
801,CENG,442,,2011,3,M,BB,2,2,3
801,MAN,432,,2011,3,M,AA,3,0,3
802,MCS,231,,2010,0,E,S,3,2,4
802,MSE,103,,2010,0,E,S,2,2,3
802,CENG,375,,2010,1,M,FF,2,2,3
802,CENG,435,,2010,1,E,NA,2,2,3
802,CENG,491,,2010,1,M,DD,3,0,3
802,ENG,401,,2010,1,M,AA,2,0,2
802,THEA,267,,2010,1,E,DC,3,0,3
802,CENG,328,,2010,3,M,DD,2,2,3
802,CENG,334,,2010,3,M,FF,2,2,3
802,CENG,442,,2010,3,M,BA,2,2,3
802,MAN,432,,2010,3,M,BB,3,0,3
802,PES,334,,2010,3,E,AA,3,0,3
802,CENG,375,,2011,1,M,FF,2,2,3
802,CENG,334,,2011,3,M,FF,2,2,3
802,CENG,375,,2011,93,M,DD,2,2,3
802,CENG,334,,2011,93,M,DD,2,2,3
803,CENG,111,,2010,1,M,BB,2,2,3
803,CENG,329,,2010,1,M,CB,2,2,3
803,CENG,331,,2010,1,M,DC,2,2,3
803,CENG,351,,2010,1,M,BB,2,2,3
803,CENG,353,,2010,1,M,AA,3,0,3
803,CENG,375,,2010,1,M,BB,2,2,3
803,ITAL,101,,2010,1,E,BA,3,0,3
803,CENG,328,,2010,3,M,BB,2,2,3
803,CENG,334,,2010,3,M,CC,2,2,3
803,CENG,344,,2010,3,M,CC,2,2,3
803,CENG,356,,2010,3,M,BA,2,2,3
803,CENG,442,,2010,3,M,CB,2,2,3
803,CENG,460,,2010,3,E,AA,3,0,3
803,MAN,432,,2010,3,M,BB,3,0,3
803,CENG,300,,2010,5,M,S,0,0,0
803,CENG,407,,2011,1,M,AA,1,2,2
803,CENG,408,,2011,1,M,BA,1,2,2
803,CENG,468,,2011,1,E,AA,3,0,3
803,CENG,487,,2011,1,M,BA,3,0,3
803,CENG,491,,2011,1,M,BB,3,0,3
803,PES,248,,2011,1,E,AA,3,0,3
803,RUS,101,,2011,1,E,AA,3,0,3
803,ENG,405,,2011,1,M,AA,0,2,1
804,ALM,101,,2010,1,E,AA,3,0,3
804,CENG,331,,2010,1,M,DC,2,2,3
804,CENG,407,,2010,1,M,BA,1,2,2
804,CENG,468,,2010,1,E,AA,3,0,3
804,CENG,487,,2010,1,M,CB,3,0,3
804,CENG,491,,2010,1,M,CB,3,0,3
804,ENG,401,,2010,1,M,AA,2,0,2
804,CENG,408,,2010,3,M,DD,1,2,2
804,CENG,442,,2010,3,M,DC,2,2,3
804,CENG,460,,2010,3,E,AA,3,0,3
804,MAN,432,,2010,3,M,BA,3,0,3
804,MCS,258,,2010,3,M,CC,2,2,3
804,CENG,300,,2010,5,M,S,0,0,0
805,CENG,329,,2010,1,M,DC,2,2,3
805,CENG,351,,2010,1,M,CB,2,2,3
805,CENG,353,,2010,1,M,CC,3,0,3
805,CENG,375,,2010,1,M,DC,2,2,3
805,ITAL,101,,2010,1,E,BA,3,0,3
805,CENG,328,,2010,3,M,FF,2,2,3
805,CENG,334,,2010,3,M,FF,2,2,3
805,CENG,344,,2010,3,M,FF,2,2,3
805,CENG,356,,2010,3,M,CC,2,2,3
805,HIST,202,,2010,3,M,BB,2,0,2
805,MCS,258,,2010,3,M,FD,2,2,3
805,CENG,300,,2010,5,M,S,0,0,0
805,CENG,407,,2011,1,M,BB,1,2,2
805,CENG,460,,2011,1,E,BA,3,0,3
805,CENG,468,,2011,1,E,AA,3,0,3
805,CENG,487,,2011,1,M,DD,3,0,3
805,CENG,491,,2011,1,M,DC,3,0,3
805,RUS,101,,2011,1,E,AA,3,0,3
805,ENG,405,,2011,1,M,DD,0,2,1
805,CENG,328,,2011,3,M,DC,2,2,3
805,CENG,408,,2011,3,M,AA,1,2,2
805,CENG,442,,2011,3,M,DC,2,2,3
805,MAN,432,,2011,3,M,AA,3,0,3
805,MCS,258,,2011,3,M,FD,2,2,3
805,CENG,334,,2011,3,M,FD,2,2,3
805,MCS,258,,2011,5,M,BB,2,2,3
805,CENG,334,,2011,5,M,DC,2,2,3
805,CENG,344,,2011,95,M,DD,2,2,3
806,CENG,111,,2010,1,M,BB,2,2,3
806,CENG,351,,2010,1,M,BB,2,2,3
806,CENG,407,,2010,1,M,AA,1,2,2
806,CENG,460,,2010,1,E,AA,3,0,3
806,CENG,468,,2010,1,E,AA,3,0,3
806,CENG,487,,2010,1,M,CC,3,0,3
806,CENG,491,,2010,1,M,DD,3,0,3
806,ENG,401,,2010,1,M,BB,2,0,2
806,CENG,408,,2010,3,M,AA,1,2,2
806,CENG,442,,2010,3,M,DC,2,2,3
806,CENG,466,,2010,3,E,AA,3,0,3
806,MAN,432,,2010,3,M,CC,3,0,3
807,ALM,101,,2010,1,E,AA,3,0,3
807,CENG,407,,2010,1,M,AA,1,2,2
807,CENG,460,,2010,1,E,AA,3,0,3
807,CENG,487,,2010,1,M,CB,3,0,3
807,CENG,491,,2010,1,M,CC,3,0,3
807,ENG,401,,2010,1,M,BA,2,0,2
807,ITAL,101,,2010,1,E,AA,3,0,3
807,SPAN,101,,2010,1,E,AA,3,0,3
807,CENG,408,,2010,3,M,BB,1,2,2
807,CENG,442,,2010,3,M,BB,2,2,3
807,MAN,432,,2010,3,M,AA,3,0,3
807,MCS,258,,2010,3,M,BA,2,2,3
809,CENG,329,,2010,1,M,BB,2,2,3
809,CENG,331,,2010,1,M,DC,2,2,3
809,CENG,351,,2010,1,M,CB,2,2,3
809,CENG,353,,2010,1,M,CB,3,0,3
809,CENG,375,,2010,1,M,CC,2,2,3
809,CENG,328,,2010,3,M,DC,2,2,3
809,CENG,334,,2010,3,M,DD,2,2,3
809,CENG,344,,2010,3,M,CB,2,2,3
809,CENG,356,,2010,3,M,BA,2,2,3
809,MCS,258,,2010,3,M,CC,2,2,3
809,RUS,101,,2010,3,E,AA,3,0,3
809,CENG,300,,2010,5,M,S,0,0,0
809,CENG,442,,2010,5,M,BB,2,2,3
809,CENG,491,,2010,5,M,AA,3,0,3
809,CENG,407,,2011,1,M,AA,1,2,2
809,CENG,460,,2011,1,E,CC,3,0,3
809,CENG,468,,2011,1,E,AA,3,0,3
809,CENG,487,,2011,1,M,CB,3,0,3
809,ENG,405,,2011,1,M,DC,0,2,1
809,CENG,408,,2011,3,M,AA,1,2,2
809,CENG,466,,2011,3,E,AA,3,0,3
809,MAN,432,,2011,3,M,BA,3,0,3
811,CENG,111,,2010,1,M,BA,2,2,3
811,CENG,329,,2010,1,M,BA,2,2,3
811,CENG,331,,2010,1,M,DD,2,2,3
811,CENG,351,,2010,1,M,BB,2,2,3
811,CENG,353,,2010,1,M,BB,3,0,3
811,CENG,375,,2010,1,M,AA,2,2,3
811,THEA,274,,2010,1,E,AA,3,0,3
811,CENG,328,,2010,3,M,AA,2,2,3
811,CENG,334,,2010,3,M,CC,2,2,3
811,CENG,344,,2010,3,M,BB,2,2,3
811,CENG,356,,2010,3,M,AA,2,2,3
811,CENG,460,,2010,3,E,AA,3,0,3
811,SPAN,101,,2010,3,E,AA,3,0,3
811,CENG,300,,2010,5,M,S,0,0,0
811,CENG,407,,2011,1,M,AA,1,2,2
811,CENG,468,,2011,1,E,AA,3,0,3
811,CENG,487,,2011,1,M,BA,3,0,3
811,CENG,491,,2011,1,M,BA,3,0,3
811,RUS,101,,2011,1,E,AA,3,0,3
811,ENG,405,,2011,1,M,BB,0,2,1
811,CENG,331,,2011,1,M,DD,2,2,3
811,CENG,114,,2011,3,M,AA,2,2,3
811,CENG,408,,2011,3,M,AA,1,2,2
811,CENG,442,,2011,3,M,AA,2,2,3
811,MAN,432,,2011,3,M,BA,3,0,3
812,CENG,111,,2010,2,M,CB,2,2,3
812,CENG,191,,2010,2,M,BA,3,0,3
812,ENG,205,,2010,2,M,CC,0,4,2
812,MCS,155,,2010,2,M,FD,3,2,4
812,MCS,205,,2010,2,M,DC,3,0,3
812,CENG,218,,2010,3,M,DC,2,2,3
812,CENG,272,,2010,3,M,DC,3,0,3
812,CENG,334,,2010,3,M,FF,2,2,3
812,HIST,202,,2010,3,M,CB,2,0,2
812,MCS,155,,2010,3,M,FD,3,2,4
812,CENG,300,,2010,5,M,S,0,0,0
812,CENG,331,,2010,5,M,DD,2,2,3
812,CENG,375,,2010,5,M,DC,2,2,3
812,MCS,155,,2010,5,M,DC,3,2,4
812,CENG,329,,2011,1,M,DD,2,2,3
812,CENG,407,,2011,1,M,BB,1,2,2
812,CENG,487,,2011,1,M,FD,3,0,3
812,ENG,405,,2011,1,M,DD,0,2,1
812,CENG,351,,2011,1,M,DD,2,2,3
812,CENG,353,,2011,1,M,CC,3,0,3
812,CENG,328,,2011,3,M,DC,2,2,3
812,CENG,408,,2011,3,M,AA,1,2,2
812,MAN,432,,2011,3,M,AA,3,0,3
812,CENG,356,,2011,3,M,CB,2,2,3
812,CENG,344,,2011,3,M,FD,2,2,3
812,CENG,442,,2011,5,M,DD,2,2,3
812,CENG,491,,2011,5,M,DD,3,0,3
812,CENG,334,,2011,5,M,DD,2,2,3
812,CENG,460,,2012,1,E,AA,3,0,3
812,CENG,466,,2012,1,E,CC,3,0,3
812,ESR,101,,2012,1,E,BA,1,0,1
812,PES,248,,2012,1,E,AA,3,0,3
812,RUS,101,,2012,1,E,AA,3,0,3
812,SPAN,101,,2012,1,E,CC,3,0,3
812,CENG,344,,2012,1,M,DD,2,2,3
812,CENG,487,,2012,1,M,DD,3,0,3
813,CENG,329,,2010,1,M,FD,2,2,3
813,CENG,331,,2010,1,M,DD,2,2,3
813,CENG,351,,2010,1,M,FF,2,2,3
813,CENG,353,,2010,1,M,CC,3,0,3
813,CENG,375,,2010,1,M,DD,2,2,3
813,CENG,328,,2010,3,M,FD,2,2,3
813,CENG,334,,2010,3,M,FF,2,2,3
813,CENG,344,,2010,3,M,DD,2,2,3
813,CENG,356,,2010,3,M,CB,2,2,3
813,MCS,258,,2010,3,M,DC,2,2,3
813,THEA,274,,2010,3,E,AA,3,0,3
813,CENG,300,,2010,5,M,S,0,0,0
813,CENG,442,,2010,5,M,BB,2,2,3
813,CENG,491,,2010,5,M,BA,3,0,3
813,CENG,329,,2011,1,M,CC,2,2,3
813,CENG,407,,2011,1,M,BA,1,2,2
813,CENG,468,,2011,1,E,AA,3,0,3
813,CENG,487,,2011,1,M,CC,3,0,3
813,ENG,405,,2011,1,M,CC,0,2,1
813,CENG,351,,2011,1,M,DC,2,2,3
813,CENG,328,,2011,3,M,DD,2,2,3
813,CENG,408,,2011,3,M,AA,1,2,2
813,CENG,466,,2011,3,E,AA,3,0,3
813,MAN,432,,2011,3,M,BA,3,0,3
813,CENG,334,,2011,3,M,DC,2,2,3
813,CEC,243,,2011,3,E,AA,3,0,3
815,ALM,101,,2010,1,E,AA,3,0,3
815,CENG,329,,2010,1,M,BB,2,2,3
815,CENG,351,,2010,1,M,BA,2,2,3
815,CENG,375,,2010,1,M,AA,2,2,3
815,PES,248,,2010,1,E,AA,3,0,3
815,CENG,328,,2010,3,M,BB,2,2,3
815,CENG,334,,2010,3,M,DD,2,2,3
815,CENG,344,,2010,3,M,BA,2,2,3
815,CENG,356,,2010,3,M,BB,2,2,3
815,CENG,300,,2010,5,M,S,0,0,0
815,CENG,407,,2011,1,M,AA,1,2,2
815,CENG,487,,2011,1,M,BB,3,0,3
815,CENG,491,,2011,1,M,BB,3,0,3
815,ESR,101,,2011,1,E,BB,1,0,1
815,PES,334,,2011,1,E,AA,3,0,3
815,ENG,405,,2011,1,M,BB,0,2,1
815,CENG,408,,2011,3,M,AA,1,2,2
815,CENG,442,,2011,3,M,BB,2,2,3
815,MAN,432,,2011,3,M,AA,3,0,3
815,OTT,101,,2011,3,E,AA,3,0,3
816,CENG,241,,2010,1,M,FF,2,2,3
816,CENG,353,,2010,1,M,DC,3,0,3
816,CENG,375,,2010,1,M,FF,2,2,3
816,MCS,205,,2010,1,M,CB,3,0,3
816,PES,243,,2010,1,E,BB,3,0,3
816,CENG,114,,2010,3,M,CB,2,2,3
816,CENG,222,,2010,3,M,DC,2,2,3
816,CENG,292,,2010,3,M,DD,2,2,3
816,MCS,258,,2010,3,M,FD,2,2,3
816,SPAN,101,,2010,3,E,BA,3,0,3
816,CENG,218,,2010,5,M,DD,2,2,3
816,CENG,241,,2010,5,M,DC,2,2,3
816,CENG,331,,2010,5,M,FD,2,2,3
816,CENG,329,,2011,1,M,FD,2,2,3
816,CENG,407,,2011,1,M,NA,1,2,2
816,CENG,487,,2011,1,M,FF,3,0,3
816,CENG,491,,2011,1,M,FF,3,0,3
816,ESR,101,,2011,1,E,CC,1,0,1
816,ENG,405,,2011,1,M,NA,0,2,1
816,CENG,351,,2011,1,M,FF,2,2,3
816,CENG,407,,2011,3,M,BB,1,2,2
816,CENG,442,,2011,3,M,FF,2,2,3
816,HIST,202,,2011,3,M,DD,2,0,2
816,MAN,432,,2011,3,M,AA,3,0,3
816,CENG,356,,2011,3,M,DD,2,2,3
816,CENG,344,,2011,3,M,FF,2,2,3
816,CENG,331,,2011,5,M,CC,2,2,3
816,CENG,334,,2011,5,M,BA,2,2,3
816,CENG,351,,2012,1,M,CC,2,2,3
816,CENG,408,,2012,1,M,AA,1,2,2
816,CENG,329,,2012,1,M,DD,2,2,3
816,CENG,487,,2012,1,M,DC,3,0,3
816,CENG,491,,2012,1,M,DD,3,0,3
816,RTW,405,,2012,1,M,NA,0,2,1
816,ALM,101,,2012,3,E,CC,3,0,3
816,CENG,272,,2012,3,M,DC,3,0,3
816,CENG,328,,2012,3,M,DD,2,2,3
816,CENG,394,,2012,3,E,FF,3,0,3
816,MCS,258,,2012,3,M,FF,2,2,3
816,CENG,442,,2012,3,M,CC,2,2,3
816,RTW,405,,2012,3,M,CB,0,2,1
816,INTT,403,,2012,5,E,DD,3,0,3
816,MCS,258,,2012,5,M,DD,2,2,3
816,CENG,300,,2012,5,M,S,0,0,0
816,MAN,214,,2012,5,E,CB,3,0,3
816,CENG,375,,2012,95,M,BB,2,2,3
816,CENG,344,,2012,95,M,DD,2,2,3
817,CENG,353,,2010,1,M,CB,3,0,3
817,CENG,407,,2010,1,M,AA,1,2,2
817,CENG,460,,2010,1,E,AA,3,0,3
817,CENG,487,,2010,1,M,DC,3,0,3
817,CENG,491,,2010,1,M,CC,3,0,3
817,ENG,401,,2010,1,M,BB,2,0,2
817,ITAL,101,,2010,1,E,AA,3,0,3
817,CENG,344,,2010,3,M,DC,2,2,3
817,CENG,408,,2010,3,M,AA,1,2,2
817,CENG,442,,2010,3,M,CB,2,2,3
817,MAN,432,,2010,3,M,CC,3,0,3
817,THEA,288,,2010,3,E,AA,3,0,3
818,CENG,329,,2010,1,M,AA,2,2,3
818,CENG,331,,2010,1,M,BB,2,2,3
818,CENG,351,,2010,1,M,AA,2,2,3
818,CENG,353,,2010,1,M,AA,3,0,3
818,CENG,375,,2010,1,M,AA,2,2,3
818,THEA,274,,2010,1,E,AA,3,0,3
818,CENG,300,,2010,5,M,S,0,0,0
818,CENG,334,,2010,11,M,S,2,2,3
818,CENG,442,,2010,11,M,S,2,2,3
818,MAN,432,,2010,11,M,S,3,0,3
818,CHIN,101,,2010,11,E,S,3,0,3
818,CENG,407,,2011,1,M,AA,1,2,2
818,CENG,460,,2011,1,E,AA,3,0,3
818,CENG,468,,2011,1,E,AA,3,0,3
818,CENG,487,,2011,1,M,AA,3,0,3
818,CENG,491,,2011,1,M,AA,3,0,3
818,ENG,405,,2011,1,M,AA,0,2,1
818,CENG,328,,2011,3,M,AA,2,2,3
818,CENG,408,,2011,3,M,AA,1,2,2
818,CENG,356,,2011,3,M,AA,2,2,3
818,CENG,344,,2011,3,M,AA,2,2,3
819,CENG,241,,2010,1,M,FF,2,2,3
819,CENG,329,,2010,1,M,DC,2,2,3
819,CENG,351,,2010,1,M,DD,2,2,3
819,CENG,353,,2010,1,M,CC,3,0,3
819,CENG,375,,2010,1,M,FD,2,2,3
819,CENG,218,,2010,3,M,FD,2,2,3
819,CENG,334,,2010,3,M,DD,2,2,3
819,CENG,356,,2010,3,M,CB,2,2,3
819,HIST,202,,2010,3,M,BA,2,0,2
819,MCS,258,,2010,3,M,FD,2,2,3
819,CENG,241,,2010,5,M,DC,2,2,3
819,CENG,300,,2010,5,M,S,0,0,0
819,CENG,375,,2010,5,M,CC,2,2,3
819,MCS,258,,2010,5,M,BB,2,2,3
819,CENG,407,,2011,1,M,BA,1,2,2
819,CENG,460,,2011,1,E,BA,3,0,3
819,CENG,487,,2011,1,M,DD,3,0,3
819,CENG,491,,2011,1,M,DD,3,0,3
819,ESR,101,,2011,1,E,BB,1,0,1
819,PES,235,,2011,1,E,AA,3,0,3
819,ITAL,101,,2011,1,E,AA,3,0,3
819,ENG,405,,2011,1,M,DC,0,2,1
819,CENG,331,,2011,1,M,CC,2,2,3
819,CENG,328,,2011,3,M,FD,2,2,3
819,CENG,408,,2011,3,M,BA,1,2,2
819,CENG,442,,2011,3,M,CB,2,2,3
819,CENG,466,,2011,3,E,AA,3,0,3
819,MAN,432,,2011,3,M,AA,3,0,3
819,PES,250,,2011,3,E,AA,3,0,3
819,SPAN,101,,2011,3,E,BB,3,0,3
819,CENG,344,,2011,3,M,DD,2,2,3
819,CENG,218,,2011,93,M,DD,2,2,3
819,CENG,328,,2011,93,M,DD,2,2,3
820,CENG,241,,2010,1,M,DD,2,2,3
820,CENG,329,,2010,1,M,CC,2,2,3
820,CENG,331,,2010,1,M,DD,2,2,3
820,CENG,351,,2010,1,M,CB,2,2,3
820,CENG,353,,2010,1,M,CC,3,0,3
820,CENG,375,,2010,1,M,CB,2,2,3
820,THEA,270,,2010,1,E,AA,3,0,3
820,CENG,218,,2010,3,M,FF,2,2,3
820,CENG,328,,2010,3,M,FF,2,2,3
820,CENG,334,,2010,3,M,DD,2,2,3
820,CENG,344,,2010,3,M,FD,2,2,3
820,CENG,356,,2010,3,M,DC,2,2,3
820,SPAN,101,,2010,3,E,DC,3,0,3
820,CENG,218,,2010,5,M,AA,2,2,3
820,CENG,300,,2010,5,M,S,0,0,0
820,CENG,442,,2010,5,M,BB,2,2,3
820,CENG,491,,2010,5,M,BB,3,0,3
820,CENG,407,,2011,1,M,AA,1,2,2
820,CENG,460,,2011,1,E,AA,3,0,3
820,CENG,468,,2011,1,E,AA,3,0,3
820,CENG,487,,2011,1,M,CC,3,0,3
820,RUS,101,,2011,1,E,AA,3,0,3
820,SPAN,101,,2011,1,E,AA,3,0,3
820,ENG,405,,2011,1,M,BA,0,2,1
820,CENG,331,,2011,1,M,CC,2,2,3
820,CENG,114,,2011,3,M,CB,2,2,3
820,CENG,328,,2011,3,M,DC,2,2,3
820,CENG,408,,2011,3,M,BA,1,2,2
820,CENG,466,,2011,3,E,AA,3,0,3
820,MAN,432,,2011,3,M,BA,3,0,3
820,CENG,356,,2011,3,M,AA,2,2,3
820,CENG,344,,2011,3,M,DD,2,2,3
821,CENG,277,,2010,1,M,BB,3,0,3
821,CENG,329,,2010,1,M,CB,2,2,3
821,CENG,331,,2010,1,M,DC,2,2,3
821,CENG,351,,2010,1,M,BB,2,2,3
821,CENG,353,,2010,1,M,CB,3,0,3
821,CENG,375,,2010,1,M,AA,2,2,3
821,CENG,328,,2010,3,M,BA,2,2,3
821,CENG,334,,2010,3,M,CC,2,2,3
821,CENG,344,,2010,3,M,CB,2,2,3
821,CENG,356,,2010,3,M,BB,2,2,3
821,CENG,460,,2010,3,E,AA,3,0,3
821,MCS,156,,2010,3,M,BA,3,2,4
821,ITAL,101,,2010,3,E,AA,3,0,3
821,CENG,300,,2010,5,M,S,0,0,0
821,CENG,241,,2011,1,M,BA,2,2,3
821,CENG,407,,2011,1,M,AA,1,2,2
821,CENG,487,,2011,1,M,CB,3,0,3
821,CENG,491,,2011,1,M,BA,3,0,3
821,RUS,101,,2011,1,E,AA,3,0,3
821,ENG,405,,2011,1,M,BB,0,2,1
821,CENG,331,,2011,1,M,DC,2,2,3
821,CENG,218,,2011,3,M,AA,2,2,3
821,CENG,408,,2011,3,M,AA,1,2,2
821,CENG,442,,2011,3,M,AA,2,2,3
821,CENG,466,,2011,3,E,AA,3,0,3
821,MAN,432,,2011,3,M,BA,3,0,3
821,TURK,102,,2011,3,M,AA,2,0,2
821,THEA,270,,2011,3,E,AA,3,0,3
822,CENG,329,,2010,1,M,BB,2,2,3
822,CENG,331,,2010,1,M,CC,2,2,3
822,CENG,351,,2010,1,M,BA,2,2,3
822,CENG,353,,2010,1,M,BA,3,0,3
822,CENG,375,,2010,1,M,AA,2,2,3
822,ALM,101,,2010,3,E,NA,3,0,3
822,CENG,328,,2010,3,M,BA,2,2,3
822,CENG,334,,2010,3,M,DD,2,2,3
822,CENG,344,,2010,3,M,BA,2,2,3
822,CENG,356,,2010,3,M,BA,2,2,3
822,PES,248,,2010,3,E,AA,3,0,3
822,CENG,300,,2010,5,M,S,0,0,0
822,CENG,407,,2011,1,M,AA,1,2,2
822,CENG,460,,2011,1,E,AA,3,0,3
822,CENG,487,,2011,1,M,BA,3,0,3
822,CENG,491,,2011,1,M,BA,3,0,3
822,ESR,101,,2011,1,E,BA,1,0,1
822,SPAN,101,,2011,1,E,BA,3,0,3
822,ENG,405,,2011,1,M,AA,0,2,1
822,CENG,408,,2011,3,M,AA,1,2,2
822,CENG,442,,2011,3,M,BB,2,2,3
822,CENG,466,,2011,3,E,AA,3,0,3
822,MAN,432,,2011,3,M,BB,3,0,3
822,PES,244,,2011,3,E,BA,3,0,3
823,CENG,329,,2010,1,M,CC,2,2,3
823,CENG,331,,2010,1,M,DD,2,2,3
823,CENG,351,,2010,1,M,BA,2,2,3
823,CENG,375,,2010,1,M,DC,2,2,3
823,MCS,205,,2010,1,M,CC,3,0,3
823,CENG,272,,2010,3,M,DD,3,0,3
823,CENG,328,,2010,3,M,FD,2,2,3
823,CENG,334,,2010,3,M,DD,2,2,3
823,CENG,344,,2010,3,M,DC,2,2,3
823,CENG,356,,2010,3,M,BA,2,2,3
823,MCS,258,,2010,3,M,FD,2,2,3
823,THEA,280,,2010,3,E,AA,3,0,3
823,CENG,200,,2010,5,M,S,0,0,0
823,CENG,407,,2011,1,M,BA,1,2,2
823,CENG,460,,2011,1,E,BA,3,0,3
823,CENG,487,,2011,1,M,DC,3,0,3
823,CENG,491,,2011,1,M,CC,3,0,3
823,RUS,101,,2011,1,E,AA,3,0,3
823,SPAN,101,,2011,1,E,CB,3,0,3
823,ENG,405,,2011,1,M,DC,0,2,1
823,CENG,353,,2011,1,M,CC,3,0,3
823,CENG,328,,2011,3,M,CC,2,2,3
823,CENG,394,,2011,3,E,AA,3,0,3
823,CENG,408,,2011,3,M,AA,1,2,2
823,CENG,442,,2011,3,M,DC,2,2,3
823,MAN,432,,2011,3,M,BB,3,0,3
823,MCS,258,,2011,3,M,FD,2,2,3
823,PES,250,,2011,3,E,AA,3,0,3
823,RUS,102,,2011,3,E,AA,3,0,3
823,CENG,300,,2011,5,M,S,0,0,0
823,MCS,258,,2011,93,M,BB,2,2,3
824,CENG,329,,2010,1,M,AA,2,2,3
824,CENG,331,,2010,1,M,CC,2,2,3
824,CENG,351,,2010,1,M,AA,2,2,3
824,CENG,375,,2010,1,M,BB,2,2,3
824,CENG,328,,2010,3,M,BA,2,2,3
824,CENG,334,,2010,3,M,DD,2,2,3
824,CENG,344,,2010,3,M,BB,2,2,3
824,CENG,356,,2010,3,M,BB,2,2,3
824,CENG,300,,2010,5,M,S,0,0,0
824,CENG,442,,2010,5,M,BB,2,2,3
824,CENG,491,,2010,5,M,AA,3,0,3
824,CENG,111,,2011,1,M,AA,2,2,3
824,CENG,407,,2011,1,M,AA,1,2,2
824,CENG,468,,2011,1,E,AA,3,0,3
824,CENG,487,,2011,1,M,CB,3,0,3
824,THEA,280,,2011,1,E,AA,3,0,3
824,ENG,405,,2011,1,M,BB,0,2,1
824,CENG,218,,2011,3,M,BA,2,2,3
824,CENG,408,,2011,3,M,AA,1,2,2
824,CENG,466,,2011,3,E,AA,3,0,3
824,MAN,432,,2011,3,M,AA,3,0,3
824,PES,248,,2011,3,E,AA,3,0,3
824,THEA,290,,2011,3,E,AA,3,0,3
825,CENG,241,,2010,1,M,FF,2,2,3
825,CENG,329,,2010,1,M,BB,2,2,3
825,CENG,353,,2010,1,M,DD,3,0,3
825,ENG,115,,2010,1,M,U,0,0,0
825,MCS,205,,2010,1,M,DC,3,0,3
825,PES,235,,2010,1,E,BA,3,0,3
825,CENG,114,,2010,3,M,CB,2,2,3
825,CENG,292,,2010,3,M,FF,2,2,3
825,MCS,156,,2010,3,M,FD,3,2,4
825,MCS,258,,2010,3,M,FF,2,2,3
825,CENG,218,,2010,5,M,DC,2,2,3
825,MCS,156,,2010,5,M,BB,3,2,4
825,MCS,258,,2010,5,M,CC,2,2,3
825,CENG,241,,2011,1,M,DD,2,2,3
825,CENG,491,,2011,1,M,FD,3,0,3
825,ENG,115,,2011,1,M,S,0,0,0
825,ENG,405,,2011,1,M,FF,0,2,1
825,CENG,331,,2011,1,M,DD,2,2,3
825,CENG,351,,2011,1,M,FD,2,2,3
825,CENG,375,,2011,1,M,FF,2,2,3
825,CENG,272,,2011,3,M,CB,3,0,3
825,CENG,292,,2011,3,M,CC,2,2,3
825,CENG,466,,2011,3,E,AA,3,0,3
825,CENG,356,,2011,3,M,CC,2,2,3
825,CENG,344,,2011,3,M,DC,2,2,3
825,CENG,442,,2011,5,M,CC,2,2,3
825,CENG,491,,2011,5,M,CC,3,0,3
825,CENG,334,,2011,5,M,FF,2,2,3
825,CENG,300,,2011,5,M,S,0,0,0
825,PES,250,,2012,1,E,AA,3,0,3
825,RUS,102,,2012,1,E,AA,3,0,3
825,OTT,101,,2012,1,E,AA,3,0,3
825,CENG,351,,2012,1,M,CB,2,2,3
825,CENG,375,,2012,1,M,CC,2,2,3
825,CENG,407,,2012,1,M,CB,1,2,2
825,CENG,487,,2012,1,M,DC,3,0,3
825,RTW,405,,2012,1,M,DD,0,2,1
825,CENG,328,,2012,3,M,CC,2,2,3
825,CENG,560,,2012,3,E,AA,3,0,3
825,CENG,334,,2012,3,M,DD,2,2,3
825,CENG,408,,2012,3,M,BB,1,2,2
825,MAN,432,,2012,3,M,DC,3,0,3
826,CENG,241,,2010,1,M,FF,2,2,3
826,CENG,329,,2010,1,M,CC,2,2,3
826,CENG,331,,2010,1,M,FF,2,2,3
826,CENG,351,,2010,1,M,FD,2,2,3
826,CENG,353,,2010,1,M,DD,3,0,3
826,CENG,375,,2010,1,M,FF,2,2,3
826,SPAN,101,,2010,1,E,BB,3,0,3
826,CENG,218,,2010,3,M,FD,2,2,3
826,CENG,292,,2010,3,M,DD,2,2,3
826,CENG,328,,2010,3,M,FD,2,2,3
826,CENG,334,,2010,3,M,FF,2,2,3
826,CENG,344,,2010,3,M,FD,2,2,3
826,CENG,356,,2010,3,M,CC,2,2,3
826,CENG,460,,2010,3,E,AA,3,0,3
826,CENG,218,,2010,5,M,CB,2,2,3
826,CENG,300,,2010,5,M,S,0,0,0
826,CENG,331,,2010,5,M,DD,2,2,3
826,CENG,442,,2010,5,M,CC,2,2,3
826,CENG,241,,2011,1,M,DC,2,2,3
826,CENG,407,,2011,1,M,BA,1,2,2
826,CENG,468,,2011,1,E,AA,3,0,3
826,CENG,487,,2011,1,M,DC,3,0,3
826,CENG,491,,2011,1,M,DC,3,0,3
826,ENG,405,,2011,1,M,CC,0,2,1
826,CENG,351,,2011,1,M,DD,2,2,3
826,CENG,375,,2011,1,M,FD,2,2,3
826,CENG,328,,2011,3,M,DC,2,2,3
826,CENG,408,,2011,3,M,BA,1,2,2
826,MAN,432,,2011,3,M,BA,3,0,3
826,THEA,274,,2011,3,E,BB,3,0,3
826,CENG,334,,2011,3,M,DD,2,2,3
826,CENG,344,,2011,3,M,DD,2,2,3
826,CEC,243,,2011,3,E,AA,3,0,3
826,CENG,375,,2011,93,M,DD,2,2,3
827,CENG,241,,2010,1,M,DD,2,2,3
827,CENG,329,,2010,1,M,BA,2,2,3
827,CENG,331,,2010,1,M,FD,2,2,3
827,CENG,351,,2010,1,M,BB,2,2,3
827,CENG,353,,2010,1,M,BA,3,0,3
827,CENG,375,,2010,1,M,CC,2,2,3
827,THEA,270,,2010,1,E,AA,3,0,3
827,CENG,218,,2010,3,M,FD,2,2,3
827,CENG,328,,2010,3,M,CC,2,2,3
827,CENG,334,,2010,3,M,FD,2,2,3
827,CENG,344,,2010,3,M,FD,2,2,3
827,CENG,356,,2010,3,M,BB,2,2,3
827,CENG,466,,2010,3,E,AA,3,0,3
827,MCS,258,,2010,3,M,CC,2,2,3
827,CENG,218,,2010,5,M,AA,2,2,3
827,CENG,300,,2010,5,M,S,0,0,0
827,CENG,442,,2010,5,M,CB,2,2,3
827,CENG,407,,2011,1,M,AA,1,2,2
827,CENG,460,,2011,1,E,BA,3,0,3
827,CENG,487,,2011,1,M,BA,3,0,3
827,CENG,491,,2011,1,M,BB,3,0,3
827,RUS,101,,2011,1,E,AA,3,0,3
827,ENG,405,,2011,1,M,AA,0,2,1
827,CENG,331,,2011,1,M,BA,2,2,3
827,CENG,114,,2011,3,M,AA,2,2,3
827,CENG,408,,2011,3,M,AA,1,2,2
827,MAN,432,,2011,3,M,AA,3,0,3
827,MCS,156,,2011,3,M,CC,3,2,4
827,CENG,334,,2011,3,M,BA,2,2,3
827,CENG,344,,2011,3,M,CB,2,2,3
828,CENG,277,,2010,1,M,BB,3,0,3
828,CENG,329,,2010,1,M,CB,2,2,3
828,CENG,331,,2010,1,M,DD,2,2,3
828,CENG,351,,2010,1,M,AA,2,2,3
828,CENG,353,,2010,1,M,BA,3,0,3
828,CENG,375,,2010,1,M,BA,2,2,3
828,CENG,328,,2010,3,M,BA,2,2,3
828,CENG,334,,2010,3,M,BB,2,2,3
828,CENG,344,,2010,3,M,AA,2,2,3
828,CENG,356,,2010,3,M,BB,2,2,3
828,CENG,460,,2010,3,E,AA,3,0,3
828,PES,248,,2010,3,E,AA,3,0,3
828,ITAL,101,,2010,3,E,AA,3,0,3
828,CENG,300,,2010,5,M,S,0,0,0
828,CENG,331,,2010,5,M,CB,2,2,3
828,CENG,491,,2010,5,M,BB,3,0,3
828,CENG,407,,2011,1,M,AA,1,2,2
828,CENG,468,,2011,1,E,AA,3,0,3
828,CENG,487,,2011,1,M,BB,3,0,3
828,ENG,405,,2011,1,M,CB,0,2,1
828,CENG,331,,2011,1,M,CB,2,2,3
828,CEC,243,,2011,1,E,BA,3,0,3
828,CENG,408,,2011,3,M,AA,1,2,2
828,CENG,442,,2011,3,M,AA,2,2,3
828,MAN,432,,2011,3,M,BA,3,0,3
828,THEA,270,,2011,3,E,AA,3,0,3
829,CENG,329,,2010,1,M,CC,2,2,3
829,CENG,331,,2010,1,M,DD,2,2,3
829,CENG,351,,2010,1,M,CC,2,2,3
829,CENG,353,,2010,1,M,BA,3,0,3
829,CENG,375,,2010,1,M,BB,2,2,3
829,ITAL,101,,2010,1,E,BA,3,0,3
829,CENG,328,,2010,3,M,CC,2,2,3
829,CENG,334,,2010,3,M,DD,2,2,3
829,CENG,344,,2010,3,M,CC,2,2,3
829,CENG,356,,2010,3,M,BA,2,2,3
829,MAN,432,,2010,3,M,BB,3,0,3
829,SPAN,101,,2010,3,E,W,3,0,3
829,CENG,300,,2010,5,M,S,0,0,0
829,CENG,407,,2011,1,M,BB,1,2,2
829,CENG,460,,2011,1,E,BA,3,0,3
829,CENG,468,,2011,1,E,AA,3,0,3
829,CENG,487,,2011,1,M,CB,3,0,3
829,CENG,491,,2011,1,M,CC,3,0,3
829,RUS,101,,2011,1,E,AA,3,0,3
829,ENG,405,,2011,1,M,CB,0,2,1
829,CENG,408,,2011,3,M,AA,1,2,2
829,CENG,442,,2011,3,M,CB,2,2,3
829,RUS,102,,2011,3,E,AA,3,0,3
830,CENG,331,,2010,1,M,DD,2,2,3
830,CENG,351,,2010,1,M,CC,2,2,3
830,CENG,375,,2010,1,M,FF,2,2,3
830,ECE,281,,2010,1,M,NA,2,2,3
830,MCS,205,,2010,1,M,FD,3,0,3
830,CENG,218,,2010,4,M,FF,2,2,3
830,CENG,222,,2010,4,M,DC,2,2,3
830,CENG,272,,2010,4,M,FF,3,0,3
830,CENG,292,,2010,4,M,NA,2,2,3
830,MCS,258,,2010,4,M,FF,2,2,3
830,CENG,241,,2011,2,M,BB,2,2,3
830,ECE,281,,2011,2,M,FF,2,2,3
830,MCS,205,,2011,2,M,FF,3,0,3
830,CENG,331,,2011,2,M,FD,2,2,3
830,CENG,375,,2011,2,M,FF,2,2,3
830,CENG,218,,2011,4,M,DC,2,2,3
830,CENG,272,,2011,4,M,FF,3,0,3
830,CENG,292,,2011,4,M,FF,2,2,3
830,MCS,205,,2011,4,M,DD,3,0,3
830,MCS,258,,2011,4,M,FF,2,2,3
830,MCS,258,,2012,2,M,CC,2,2,3
830,CENG,331,,2012,2,M,DC,2,2,3
830,CENG,375,,2012,2,M,CB,2,2,3
830,ECE,281,,2012,2,M,DD,2,2,3
830,CENG,272,,2012,3,M,DC,3,0,3
830,CENG,334,,2012,3,M,NA,2,2,3
830,CENG,356,,2012,3,M,BB,2,2,3
830,CENG,292,,2012,3,M,CC,3,2,4
830,CENG,200,,2012,5,M,S,0,0,0
830,CENG,328,,2012,5,M,DD,2,2,3
830,CENG,334,,2012,5,M,BA,2,2,3
830,CENG,491,,2012,5,M,CB,3,0,3
830,CENG,464,,2013,1,E,BB,3,0,3
830,CENG,344,,2013,1,M,CB,2,2,3
830,CENG,329,,2013,1,M,DC,2,2,3
830,CENG,487,,2013,1,M,CB,3,0,3
830,RTW,405,,2013,1,M,BB,0,2,1
830,CENG,407,,2013,1,M,AA,1,2,2
830,CENG,394,,2013,3,E,BB,3,0,3
830,CENG,435,,2013,3,E,BA,2,2,3
830,ESR,101,,2013,3,E,CB,1,0,1
830,MAN,432,,2013,3,M,BB,3,0,3
830,CENG,353,,2013,3,M,BB,3,0,3
830,CENG,442,,2013,3,M,DD,2,2,3
830,PES,323,,2013,3,E,AA,3,0,3
830,CENG,408,,2013,3,M,CB,1,2,2
830,CENG,361,,2013,3,E,CB,2,2,3
830,CENG,300,,2013,5,M,S,0,0,0
831,CENG,331,,2010,1,M,DC,2,2,3
831,CENG,353,,2010,1,M,CC,3,0,3
831,CENG,407,,2010,1,M,AA,1,2,2
831,CENG,468,,2010,1,E,AA,3,0,3
831,CENG,487,,2010,1,M,CC,3,0,3
831,CENG,491,,2010,1,M,CC,3,0,3
831,ENG,401,,2010,1,M,CC,2,0,2
831,THEA,280,,2010,1,E,AA,3,0,3
831,CENG,408,,2010,3,M,BA,1,2,2
831,CENG,442,,2010,3,M,CC,2,2,3
831,MAN,432,,2010,3,M,CC,3,0,3
831,THEA,272,,2010,3,E,W,3,0,3
832,CENG,241,,2010,2,M,DD,2,2,3
832,ECE,281,,2010,2,M,DC,2,2,3
832,ENG,115,,2010,2,M,S,0,0,0
832,HIST,201,,2010,2,M,DC,2,0,2
832,MCS,205,,2010,2,M,CC,3,0,3
832,PHYS,111,,2010,2,M,DD,3,2,4
832,CENG,114,,2010,4,M,BB,2,2,3
832,CENG,218,,2010,4,M,DC,2,2,3
832,HIST,202,,2010,4,M,CB,2,0,2
832,MCS,156,,2010,4,M,CC,3,2,4
832,MCS,258,,2010,4,M,CB,2,2,3
832,CENG,300,,2010,6,M,S,0,0,0
832,CENG,331,,2010,6,M,DD,2,2,3
832,CENG,442,,2010,6,M,BB,2,2,3
832,CENG,491,,2010,6,M,BB,3,0,3
832,ALM,101,,2011,1,E,CB,3,0,3
832,CENG,329,,2011,1,M,DC,2,2,3
832,CENG,460,,2011,1,E,BB,3,0,3
832,CENG,487,,2011,1,M,DD,3,0,3
832,CENG,351,,2011,1,M,FF,2,2,3
832,CENG,375,,2011,1,M,CC,2,2,3
832,CENG,353,,2011,1,M,CC,3,0,3
832,CENG,328,,2011,3,M,DD,2,2,3
832,MAN,432,,2011,3,M,BB,3,0,3
832,CENG,334,,2011,3,M,FD,2,2,3
832,CENG,356,,2011,3,M,CB,2,2,3
832,CENG,344,,2011,3,M,DD,2,2,3
832,ENG,405,,2011,5,M,CB,0,2,1
832,CENG,334,,2011,5,M,BB,2,2,3
832,CENG,466,,2012,1,E,CC,3,0,3
832,ESR,101,,2012,1,E,BA,1,0,1
832,THEA,270,,2012,1,E,AA,3,0,3
832,CENG,351,,2012,1,M,CC,2,2,3
832,CEC,200,,2012,1,E,AA,3,0,3
832,CENG,407,,2012,1,M,AA,1,2,2
832,THEA,274,,2012,3,E,AA,3,0,3
832,CENG,408,,2012,3,M,AA,1,2,2
833,CENG,329,,2010,1,M,AA,2,2,3
833,CENG,331,,2010,1,M,AA,2,2,3
833,CENG,351,,2010,1,M,AA,2,2,3
833,CENG,353,,2010,1,M,AA,3,0,3
833,CENG,375,,2010,1,M,AA,2,2,3
833,THEA,274,,2010,1,E,AA,3,0,3
833,CENG,328,,2010,3,M,AA,2,2,3
833,CENG,334,,2010,3,M,BB,2,2,3
833,CENG,344,,2010,3,M,BA,2,2,3
833,CENG,356,,2010,3,M,AA,2,2,3
833,CENG,460,,2010,3,E,AA,3,0,3
833,CENG,300,,2010,5,M,S,0,0,0
833,CENG,407,,2011,1,M,AA,1,2,2
833,CENG,468,,2011,1,E,AA,3,0,3
833,CENG,487,,2011,1,M,AA,3,0,3
833,CENG,491,,2011,1,M,AA,3,0,3
833,ENG,405,,2011,1,M,AA,0,2,1
833,CENG,114,,2011,3,M,AA,2,2,3
833,CENG,408,,2011,3,M,AA,1,2,2
833,CENG,442,,2011,3,M,AA,2,2,3
833,MAN,432,,2011,3,M,AA,3,0,3
833,RUS,101,,2011,3,E,AA,3,0,3
834,CENG,241,,2010,1,M,BB,2,2,3
834,CENG,329,,2010,1,M,CC,2,2,3
834,CENG,331,,2010,1,M,DC,2,2,3
834,CENG,351,,2010,1,M,BB,2,2,3
834,CENG,353,,2010,1,M,BA,3,0,3
834,CENG,375,,2010,1,M,BB,2,2,3
834,SPAN,101,,2010,1,E,AA,3,0,3
834,CENG,218,,2010,3,M,CB,2,2,3
834,CENG,328,,2010,3,M,CC,2,2,3
834,CENG,334,,2010,3,M,DC,2,2,3
834,CENG,344,,2010,3,M,CB,2,2,3
834,CENG,356,,2010,3,M,BA,2,2,3
834,CENG,460,,2010,3,E,AA,3,0,3
834,THEA,274,,2010,3,E,AA,3,0,3
834,CENG,300,,2010,5,M,S,0,0,0
834,CENG,111,,2011,1,M,AA,2,2,3
834,CENG,407,,2011,1,M,AA,1,2,2
834,CENG,468,,2011,1,E,AA,3,0,3
834,CENG,487,,2011,1,M,BB,3,0,3
834,CENG,491,,2011,1,M,BA,3,0,3
834,THEA,270,,2011,1,E,AA,3,0,3
834,ENG,405,,2011,1,M,BB,0,2,1
834,CENG,408,,2011,3,M,AA,1,2,2
834,CENG,442,,2011,3,M,AA,2,2,3
834,MAN,432,,2011,3,M,AA,3,0,3
834,PES,246,,2011,3,E,AA,3,0,3
835,CENG,329,,2010,1,M,BA,2,2,3
835,CENG,331,,2010,1,M,BA,2,2,3
835,CENG,351,,2010,1,M,AA,2,2,3
835,CENG,353,,2010,1,M,AA,3,0,3
835,CENG,375,,2010,1,M,AA,2,2,3
835,ITAL,101,,2010,1,E,AA,3,0,3
835,CENG,328,,2010,3,M,BA,2,2,3
835,CENG,334,,2010,3,M,BB,2,2,3
835,CENG,344,,2010,3,M,BA,2,2,3
835,CENG,356,,2010,3,M,AA,2,2,3
835,CENG,442,,2010,3,M,AA,2,2,3
835,CENG,460,,2010,3,E,AA,3,0,3
835,MAN,432,,2010,3,M,BA,3,0,3
835,CENG,300,,2010,5,M,S,0,0,0
835,CENG,407,,2011,1,M,AA,1,2,2
835,CENG,408,,2011,1,M,AA,1,2,2
835,CENG,468,,2011,1,E,AA,3,0,3
835,CENG,487,,2011,1,M,AA,3,0,3
835,CENG,491,,2011,1,M,BA,3,0,3
835,PES,248,,2011,1,E,AA,3,0,3
835,RUS,101,,2011,1,E,AA,3,0,3
835,ENG,405,,2011,1,M,AA,0,2,1
836,CENG,218,,2010,3,M,BB,2,2,3
836,CENG,222,,2010,3,M,AA,2,2,3
836,CENG,272,,2010,3,M,CC,3,0,3
836,HIST,202,,2010,3,M,BB,2,0,2
836,PHYS,112,,2010,3,M,CB,3,2,4
836,CENG,329,,2011,1,M,CC,2,2,3
836,MCS,155,,2011,1,M,CC,3,2,4
836,MCS,205,,2011,1,M,BB,3,0,3
836,CENG,331,,2011,1,M,CB,2,2,3
836,CENG,351,,2011,1,M,DC,2,2,3
836,CENG,375,,2011,1,M,CB,2,2,3
836,CENG,353,,2011,1,M,CC,3,0,3
836,CENG,328,,2011,3,M,CB,2,2,3
836,MCS,258,,2011,3,M,CC,2,2,3
836,CENG,334,,2011,3,M,DD,2,2,3
836,CENG,356,,2011,3,M,CC,2,2,3
836,CENG,344,,2011,3,M,BB,2,2,3
836,CEC,238,,2011,3,E,AA,3,0,3
836,CENG,300,,2011,5,M,S,0,0,0
836,ALM,101,,2012,1,E,BB,3,0,3
836,CENG,460,,2012,1,E,AA,3,0,3
836,CEC,206,,2012,1,E,AA,3,0,3
836,CENG,407,,2012,1,M,AA,1,2,2
836,CENG,487,,2012,1,M,CB,3,0,3
836,CENG,491,,2012,1,M,AA,3,0,3
836,RTW,405,,2012,1,M,BA,0,2,1
836,CENG,435,,2012,3,E,AA,2,2,3
836,ESR,101,,2012,3,E,AA,1,0,1
836,THEA,267,,2012,3,E,BA,3,0,3
836,CENG,408,,2012,3,M,AA,1,2,2
836,MAN,432,,2012,3,M,CB,3,0,3
836,CENG,442,,2012,3,M,BA,2,2,3
837,CENG,353,,2010,1,M,AA,3,0,3
837,CENG,407,,2010,1,M,AA,1,2,2
837,CENG,408,,2010,1,M,AA,1,2,2
837,CENG,468,,2010,1,E,AA,3,0,3
837,CENG,471,,2010,1,E,AA,3,0,3
837,CENG,487,,2010,1,M,AA,3,0,3
837,CENG,491,,2010,1,M,AA,3,0,3
837,ENG,401,,2010,1,M,BA,2,0,2
838,CENG,407,,2010,1,M,AA,1,2,2
838,CENG,408,,2010,1,M,AA,1,2,2
838,CENG,460,,2010,1,E,AA,3,0,3
838,CENG,487,,2010,1,M,CC,3,0,3
838,CENG,491,,2010,1,M,DC,3,0,3
838,ENG,401,,2010,1,M,BB,2,0,2
839,CENG,329,,2010,1,M,BB,2,2,3
839,CENG,331,,2010,1,M,CC,2,2,3
839,CENG,351,,2010,1,M,BA,2,2,3
839,CENG,353,,2010,1,M,BA,3,0,3
839,CENG,375,,2010,1,M,AA,2,2,3
839,THEA,274,,2010,1,E,AA,3,0,3
839,CENG,328,,2010,3,M,AA,2,2,3
839,CENG,334,,2010,3,M,BB,2,2,3
839,CENG,344,,2010,3,M,BA,2,2,3
839,CENG,356,,2010,3,M,AA,2,2,3
839,CENG,460,,2010,3,E,AA,3,0,3
839,SPAN,101,,2010,3,E,AA,3,0,3
839,CENG,300,,2010,5,M,S,0,0,0
839,CENG,407,,2011,1,M,AA,1,2,2
839,CENG,468,,2011,1,E,AA,3,0,3
839,CENG,487,,2011,1,M,AA,3,0,3
839,CENG,491,,2011,1,M,AA,3,0,3
839,ENG,405,,2011,1,M,AA,0,2,1
839,CENG,408,,2011,3,M,AA,1,2,2
839,CENG,442,,2011,3,M,AA,2,2,3
839,MAN,432,,2011,3,M,AA,3,0,3
839,RUS,101,,2011,3,E,AA,3,0,3
840,CENG,329,,2010,1,M,FF,2,2,3
840,CENG,331,,2010,1,M,DC,2,2,3
840,CENG,351,,2010,1,M,CB,2,2,3
840,CENG,353,,2010,1,M,CC,3,0,3
840,CENG,375,,2010,1,M,CC,2,2,3
840,CENG,272,,2010,3,M,CB,3,0,3
840,CENG,328,,2010,3,M,DD,2,2,3
840,CENG,334,,2010,3,M,DC,2,2,3
840,CENG,356,,2010,3,M,DC,2,2,3
840,MCS,258,,2010,3,M,FD,2,2,3
840,CENG,300,,2010,5,M,S,0,0,0
840,CENG,442,,2010,5,M,CB,2,2,3
840,CENG,491,,2010,5,M,BB,3,0,3
840,MCS,258,,2010,5,M,CB,2,2,3
840,CENG,329,,2011,1,M,DC,2,2,3
840,CENG,407,,2011,1,M,BA,1,2,2
840,CENG,487,,2011,1,M,DC,3,0,3
840,ESR,101,,2011,1,E,CC,1,0,1
840,ITAL,101,,2011,1,E,AA,3,0,3
840,RUS,101,,2011,1,E,NA,3,0,3
840,SPAN,101,,2011,1,E,BB,3,0,3
840,THEA,251,,2011,1,E,FF,3,0,3
840,ENG,405,,2011,1,M,DC,0,2,1
840,CENG,394,,2011,3,E,AA,3,0,3
840,CENG,408,,2011,3,M,AA,1,2,2
840,CENG,466,,2011,3,E,AA,3,0,3
840,MAN,432,,2011,3,M,AA,3,0,3
840,THEA,270,,2011,3,E,AA,3,0,3
840,CENG,344,,2011,3,M,CC,2,2,3
840,CEC,243,,2011,3,E,BA,3,0,3
841,CENG,111,,2010,1,M,AA,2,2,3
841,CENG,329,,2010,1,M,BA,2,2,3
841,CENG,331,,2010,1,M,BA,2,2,3
841,CENG,351,,2010,1,M,BA,2,2,3
841,CENG,353,,2010,1,M,AA,3,0,3
841,CENG,375,,2010,1,M,AA,2,2,3
841,THEA,270,,2010,1,E,AA,3,0,3
841,CENG,328,,2010,3,M,BA,2,2,3
841,CENG,334,,2010,3,M,DD,2,2,3
841,CENG,344,,2010,3,M,BB,2,2,3
841,CENG,356,,2010,3,M,AA,2,2,3
841,CENG,300,,2010,5,M,S,0,0,0
841,CENG,407,,2011,1,M,AA,1,2,2
841,CENG,460,,2011,1,E,AA,3,0,3
841,CENG,468,,2011,1,E,AA,3,0,3
841,CENG,487,,2011,1,M,AA,3,0,3
841,CENG,491,,2011,1,M,BB,3,0,3
841,ESR,101,,2011,1,E,AA,1,0,1
841,ENG,405,,2011,1,M,AA,0,2,1
841,CENG,408,,2011,3,M,BA,1,2,2
841,CENG,442,,2011,3,M,BA,2,2,3
841,MAN,432,,2011,3,M,AA,3,0,3
841,CENG,334,,2011,3,M,AA,2,2,3
843,CENG,329,,2010,1,M,BA,2,2,3
843,CENG,331,,2010,1,M,DD,2,2,3
843,CENG,351,,2010,1,M,BB,2,2,3
843,CENG,353,,2010,1,M,BB,3,0,3
843,CENG,375,,2010,1,M,CB,2,2,3
843,SPAN,101,,2010,1,E,AA,3,0,3
843,CENG,272,,2010,3,M,BB,3,0,3
843,CENG,328,,2010,3,M,CC,2,2,3
843,CENG,334,,2010,3,M,DC,2,2,3
843,CENG,344,,2010,3,M,DC,2,2,3
843,CENG,356,,2010,3,M,BB,2,2,3
843,CENG,460,,2010,3,E,AA,3,0,3
843,THEA,274,,2010,3,E,AA,3,0,3
843,CENG,300,,2010,5,M,S,0,0,0
843,CENG,442,,2011,0,M,S,2,2,3
843,CENG,407,,2011,1,M,AA,1,2,2
843,CENG,408,,2011,1,M,BA,1,2,2
843,CENG,468,,2011,1,E,AA,3,0,3
843,CENG,487,,2011,1,M,CB,3,0,3
843,CENG,491,,2011,1,M,BA,3,0,3
843,ESR,101,,2011,1,E,CB,1,0,1
843,MAN,102,,2011,1,M,CB,3,0,3
843,ENG,405,,2011,1,M,AA,0,2,1
844,CENG,329,,2010,1,M,BB,2,2,3
844,CENG,331,,2010,1,M,DD,2,2,3
844,CENG,351,,2010,1,M,CC,2,2,3
844,CENG,353,,2010,1,M,BB,3,0,3
844,CENG,375,,2010,1,M,CC,2,2,3
844,INAR,350,,2010,1,E,AA,3,0,3
844,CENG,328,,2010,3,M,DD,2,2,3
844,CENG,334,,2010,3,M,FD,2,2,3
844,CENG,344,,2010,3,M,CC,2,2,3
844,CENG,356,,2010,3,M,DC,2,2,3
844,CENG,460,,2010,3,E,AA,3,0,3
844,CENG,466,,2010,3,E,AA,3,0,3
844,MAN,432,,2010,3,M,DC,3,0,3
844,CENG,300,,2010,5,M,S,0,0,0
844,CENG,442,,2010,5,M,CB,2,2,3
844,CENG,491,,2010,5,M,BA,3,0,3
844,CENG,407,,2011,1,M,BA,1,2,2
844,CENG,408,,2011,1,M,BB,1,2,2
844,CENG,468,,2011,1,E,AA,3,0,3
844,CENG,487,,2011,1,M,CC,3,0,3
844,ENG,405,,2011,1,M,CB,0,2,1
844,CENG,334,,2011,91,M,DC,2,2,3
845,CENG,329,,2010,1,M,BB,2,2,3
845,CENG,331,,2010,1,M,FF,2,2,3
845,CENG,351,,2010,1,M,DC,2,2,3
845,MCS,205,,2010,1,M,FD,3,0,3
845,THEA,267,,2010,1,E,AA,3,0,3
845,CENG,272,,2010,3,M,FF,3,0,3
845,CENG,334,,2010,3,M,FD,2,2,3
845,CENG,344,,2010,3,M,FD,2,2,3
845,CENG,356,,2010,3,M,FD,2,2,3
845,ENG,116,,2010,3,M,S,0,0,0
845,HIST,202,,2010,3,M,CC,2,0,2
845,CENG,331,,2010,5,M,DC,2,2,3
845,CENG,375,,2010,5,M,DC,2,2,3
845,CENG,491,,2010,5,M,BB,3,0,3
845,CENG,407,,2011,1,M,AA,1,2,2
845,CENG,460,,2011,1,E,CB,3,0,3
845,CENG,487,,2011,1,M,DD,3,0,3
845,ESR,101,,2011,1,E,BB,1,0,1
845,MCS,205,,2011,1,M,DD,3,0,3
845,ENG,405,,2011,1,M,DD,0,2,1
845,CENG,353,,2011,1,M,FD,3,0,3
845,CENG,328,,2011,3,M,FD,2,2,3
845,CENG,408,,2011,3,M,AA,1,2,2
845,CENG,442,,2011,3,M,BB,2,2,3
845,MAN,432,,2011,3,M,BA,3,0,3
845,CENG,334,,2011,3,M,DD,2,2,3
845,CENG,344,,2011,3,M,DC,2,2,3
845,CENG,328,,2011,5,M,CC,2,2,3
845,CENG,300,,2011,5,M,S,0,0,0
845,CENG,466,,2012,1,E,CB,3,0,3
845,PES,250,,2012,1,E,AA,3,0,3
845,ITAL,101,,2012,1,E,BA,3,0,3
845,CENG,353,,2012,1,M,DD,3,0,3
845,CENG,272,,2012,91,M,BB,3,0,3
845,CENG,356,,2012,91,M,DD,2,2,3
847,CENG,277,,2010,1,M,BB,3,0,3
847,CENG,329,,2010,1,M,BB,2,2,3
847,CENG,331,,2010,1,M,BB,2,2,3
847,CENG,351,,2010,1,M,AA,2,2,3
847,CENG,353,,2010,1,M,BA,3,0,3
847,CENG,375,,2010,1,M,AA,2,2,3
847,CENG,328,,2010,3,M,AA,2,2,3
847,CENG,334,,2010,3,M,BA,2,2,3
847,CENG,344,,2010,3,M,BA,2,2,3
847,CENG,356,,2010,3,M,BA,2,2,3
847,CENG,460,,2010,3,E,AA,3,0,3
847,ITAL,101,,2010,3,E,AA,3,0,3
847,CENG,300,,2010,5,M,S,0,0,0
847,CENG,407,,2011,1,M,AA,1,2,2
847,CENG,487,,2011,1,M,BA,3,0,3
847,CENG,491,,2011,1,M,AA,3,0,3
847,PES,248,,2011,1,E,AA,3,0,3
847,ENG,405,,2011,1,M,BA,0,2,1
847,CEC,243,,2011,1,E,AA,3,0,3
847,CENG,218,,2011,3,M,AA,2,2,3
847,CENG,408,,2011,3,M,AA,1,2,2
847,CENG,442,,2011,3,M,AA,2,2,3
847,CENG,466,,2011,3,E,AA,3,0,3
847,MAN,432,,2011,3,M,BA,3,0,3
847,TURK,102,,2011,3,M,AA,2,0,2
847,THEA,270,,2011,3,E,AA,3,0,3
849,CENG,351,,2010,1,M,CB,2,2,3
849,CENG,407,,2010,1,M,AA,1,2,2
849,CENG,468,,2010,1,E,AA,3,0,3
849,CENG,487,,2010,1,M,CC,3,0,3
849,ENG,401,,2010,1,M,DD,2,0,2
849,THEA,280,,2010,1,E,AA,3,0,3
849,CENG,328,,2010,3,M,DD,2,2,3
849,CENG,334,,2010,3,M,DD,2,2,3
849,CENG,408,,2010,3,M,BB,1,2,2
849,CENG,442,,2010,3,M,DD,2,2,3
849,CENG,460,,2010,3,E,AA,3,0,3
849,MAN,432,,2010,3,M,CC,3,0,3
849,MCS,258,,2010,3,M,DD,2,2,3
849,SPAN,101,,2010,3,E,CC,3,0,3
849,CENG,331,,2010,5,M,CB,2,2,3
849,CENG,491,,2010,5,M,BB,3,0,3
849,CENG,331,,2010,93,M,FD,2,2,3
849,CENG,491,,2010,93,M,FF,3,0,3
850,CENG,111,,2010,1,M,BB,2,2,3
850,CENG,329,,2010,1,M,BA,2,2,3
850,CENG,331,,2010,1,M,CC,2,2,3
850,CENG,351,,2010,1,M,BA,2,2,3
850,CENG,353,,2010,1,M,BA,3,0,3
850,CENG,375,,2010,1,M,BB,2,2,3
850,THEA,274,,2010,1,E,AA,3,0,3
850,CENG,328,,2010,3,M,BB,2,2,3
850,CENG,334,,2010,3,M,DD,2,2,3
850,CENG,344,,2010,3,M,BB,2,2,3
850,CENG,356,,2010,3,M,AA,2,2,3
850,CENG,460,,2010,3,E,AA,3,0,3
850,CENG,300,,2010,5,M,S,0,0,0
850,CENG,407,,2011,1,M,AA,1,2,2
850,CENG,468,,2011,1,E,AA,3,0,3
850,CENG,487,,2011,1,M,BA,3,0,3
850,CENG,491,,2011,1,M,BB,3,0,3
850,ENG,405,,2011,1,M,BA,0,2,1
850,CENG,408,,2011,3,M,AA,1,2,2
850,CENG,442,,2011,3,M,BA,2,2,3
850,CENG,466,,2011,3,E,AA,3,0,3
850,MAN,432,,2011,3,M,AA,3,0,3
851,CENG,331,,2010,1,M,DD,2,2,3
851,CENG,351,,2010,1,M,CB,2,2,3
851,CENG,375,,2010,1,M,DD,2,2,3
851,CENG,487,,2010,1,M,CC,3,0,3
851,MCS,205,,2010,1,M,DD,3,0,3
851,PES,248,,2010,1,E,AA,3,0,3
851,SPAN,101,,2010,1,E,CC,3,0,3
851,CENG,300,,2010,5,M,S,0,0,0
851,CENG,442,,2010,5,M,BA,2,2,3
851,CENG,491,,2010,5,M,BB,3,0,3
851,CENG,328,,2010,11,M,S,2,2,3
851,CENG,334,,2010,11,M,S,2,2,3
851,CENG,356,,2010,11,M,S,2,2,3
851,CENG,407,,2010,11,M,S,1,2,2
851,MCS,258,,2010,11,M,S,2,2,3
851,CENG,460,,2011,1,E,BA,3,0,3
851,ESR,101,,2011,1,E,CB,1,0,1
851,ENG,405,,2011,1,M,CB,0,2,1
851,CEC,301,,2011,1,E,CB,3,0,3
851,CENG,408,,2011,3,M,AA,1,2,2
851,MAN,214,,2011,3,E,CB,3,0,3
851,MAN,432,,2011,3,M,BB,3,0,3
851,PES,225,,2011,3,E,BA,3,0,3
852,CENG,329,,2010,1,M,DC,2,2,3
852,CENG,331,,2010,1,M,DD,2,2,3
852,CENG,351,,2010,1,M,CC,2,2,3
852,CENG,353,,2010,1,M,CB,3,0,3
852,CENG,375,,2010,1,M,BA,2,2,3
852,ITAL,101,,2010,1,E,BA,3,0,3
852,CENG,218,,2010,3,M,CC,2,2,3
852,CENG,328,,2010,3,M,DC,2,2,3
852,CENG,334,,2010,3,M,DD,2,2,3
852,CENG,344,,2010,3,M,CC,2,2,3
852,CENG,356,,2010,3,M,BA,2,2,3
852,CENG,442,,2010,3,M,CB,2,2,3
852,MAN,432,,2010,3,M,CB,3,0,3
852,CENG,300,,2010,5,M,S,0,0,0
852,CENG,491,,2010,5,M,AA,3,0,3
852,MCS,156,,2010,5,M,AA,3,2,4
852,CENG,407,,2011,1,M,AA,1,2,2
852,CENG,408,,2011,1,M,BA,1,2,2
852,CENG,460,,2011,1,E,BA,3,0,3
852,CENG,468,,2011,1,E,AA,3,0,3
852,CENG,487,,2011,1,M,CC,3,0,3
852,RUS,101,,2011,1,E,AA,3,0,3
852,ENG,405,,2011,1,M,CB,0,2,1
853,CENG,241,,2010,1,M,FF,2,2,3
853,CENG,329,,2010,1,M,DC,2,2,3
853,CENG,331,,2010,1,M,DD,2,2,3
853,CENG,353,,2010,1,M,CB,3,0,3
853,MCS,205,,2010,1,M,DD,3,0,3
853,CENG,218,,2010,3,M,FD,2,2,3
853,CENG,222,,2010,3,M,CB,2,2,3
853,CENG,272,,2010,3,M,FF,3,0,3
853,CENG,292,,2010,3,M,CB,2,2,3
853,MCS,258,,2010,3,M,FF,2,2,3
853,CENG,218,,2010,5,M,BA,2,2,3
853,CENG,300,,2010,5,M,S,0,0,0
853,MCS,156,,2010,5,M,DD,3,2,4
853,MCS,258,,2010,5,M,DC,2,2,3
853,CENG,407,,2011,1,M,AA,1,2,2
853,CENG,487,,2011,1,M,CB,3,0,3
853,CENG,491,,2011,1,M,DD,3,0,3
853,ESR,101,,2011,1,E,BB,1,0,1
853,ENG,405,,2011,1,M,BB,0,2,1
853,CENG,351,,2011,1,M,DD,2,2,3
853,CENG,375,,2011,1,M,DC,2,2,3
853,CENG,328,,2011,3,M,CC,2,2,3
853,CENG,394,,2011,3,E,AA,3,0,3
853,CENG,408,,2011,3,M,CB,1,2,2
853,CENG,466,,2011,3,E,AA,3,0,3
853,MAN,432,,2011,3,M,AA,3,0,3
853,CENG,334,,2011,3,M,DD,2,2,3
853,CENG,356,,2011,3,M,CB,2,2,3
853,CENG,344,,2011,3,M,BB,2,2,3
853,CENG,442,,2011,5,M,AA,2,2,3
853,ECON,102,,2011,5,E,BB,3,0,3
853,MAN,102,,2011,5,E,FF,3,0,3
853,CENG,241,,2011,95,M,DD,2,2,3
853,CENG,272,,2011,95,M,DD,3,0,3
855,CENG,329,,2010,1,M,FF,2,2,3
855,CENG,351,,2010,1,M,CC,2,2,3
855,CENG,353,,2010,1,M,BA,3,0,3
855,CENG,375,,2010,1,M,CC,2,2,3
855,ENG,401,,2010,1,M,DC,2,0,2
855,PHYS,111,,2010,1,M,DD,3,2,4
855,SPAN,102,,2010,1,E,CC,3,0,3
855,CENG,272,,2010,3,M,FD,3,0,3
855,CENG,292,,2010,3,M,DC,2,2,3
855,CENG,328,,2010,3,M,CB,2,2,3
855,CENG,334,,2010,3,M,W,2,2,3
855,CENG,356,,2010,3,M,DD,2,2,3
855,HIST,202,,2010,3,M,BB,2,0,2
855,MAN,432,,2010,3,M,FF,3,0,3
855,CENG,455,,2013,1,E,DD,3,0,3
855,ESR,101,,2013,1,E,AA,1,0,1
855,CENG,329,,2013,1,M,BA,2,2,3
855,CENG,487,,2013,1,M,BB,3,0,3
855,CENG,491,,2013,1,M,CB,3,0,3
855,CENG,407,,2013,1,M,BA,1,2,2
855,CENG,272,,2013,3,M,FD,3,0,3
855,CENG,435,,2013,3,E,DC,2,2,3
855,CENG,334,,2013,3,M,DD,2,2,3
855,MAN,432,,2013,3,M,BB,3,0,3
855,CENG,442,,2013,3,M,DD,2,2,3
855,CENG,408,,2013,3,M,DC,1,2,2
855,CENG,200,,2013,5,M,S,0,0,0
855,CENG,300,,2013,5,M,S,0,0,0
855,CENG,272,,2013,95,M,BA,3,0,3
856,CENG,329,,2010,1,M,BB,2,2,3
856,CENG,331,,2010,1,M,DC,2,2,3
856,CENG,351,,2010,1,M,BB,2,2,3
856,CENG,353,,2010,1,M,CC,3,0,3
856,CENG,375,,2010,1,M,CB,2,2,3
856,CENG,328,,2010,3,M,BA,2,2,3
856,CENG,334,,2010,3,M,DC,2,2,3
856,CENG,344,,2010,3,M,CB,2,2,3
856,CENG,460,,2010,3,E,AA,3,0,3
856,MCS,258,,2010,3,M,DC,2,2,3
856,RUS,101,,2010,3,E,AA,3,0,3
856,CENG,300,,2010,5,M,S,0,0,0
856,CENG,331,,2010,5,M,BA,2,2,3
856,CENG,491,,2010,5,M,BA,3,0,3
856,PHYS,111,,2010,5,M,BA,3,2,4
856,CENG,407,,2011,1,M,AA,1,2,2
856,CENG,468,,2011,1,E,AA,3,0,3
856,CENG,487,,2011,1,M,CB,3,0,3
856,ENG,405,,2011,1,M,DD,0,2,1
856,CENG,408,,2011,3,M,AA,1,2,2
856,CENG,442,,2011,3,M,BA,2,2,3
856,CENG,466,,2011,3,E,AA,3,0,3
856,MAN,432,,2011,3,M,BA,3,0,3
856,CENG,344,,2011,3,M,AA,2,2,3
886,CENG,241,,2010,1,M,FF,2,2,3
886,CENG,277,,2010,1,M,FF,3,0,3
886,ECE,281,,2010,1,M,FD,2,2,3
886,ENG,305,,2010,1,M,CC,0,2,1
886,ESR,101,,2010,1,M,BB,1,0,1
886,HIST,201,,2010,1,M,AA,2,0,2
886,MCS,205,,2010,1,M,FD,3,0,3
886,SPAN,101,,2010,1,E,CB,3,0,3
886,CENG,114,,2010,3,M,NA,2,2,3
886,CENG,222,,2010,3,M,FD,2,2,3
886,MCS,156,,2010,3,M,FD,3,2,4
886,MCS,258,,2010,3,M,FF,2,2,3
886,PHYS,112,,2010,3,M,FD,3,2,4
886,CENG,200,,2010,5,M,S,0,0,0
886,CENG,241,,2011,2,M,FF,2,2,3
886,CENG,277,,2011,2,M,FF,3,0,3
886,ECE,281,,2011,2,M,FF,2,2,3
886,MCS,205,,2011,2,M,FF,3,0,3
886,CENG,114,,2011,4,M,FF,2,2,3
886,MCS,156,,2011,4,M,FF,3,2,4
886,MCS,205,,2011,4,M,FD,3,0,3
886,PHYS,112,,2011,4,M,FF,3,2,4
886,MCS,205,,2011,6,M,FF,3,0,3
886,MCS,258,,2011,6,M,FF,2,2,3
886,CENG,277,,2012,2,M,FF,3,0,3
886,MCS,205,,2012,2,M,FD,3,0,3
886,MCS,258,,2012,2,M,FF,2,2,3
886,PHYS,112,,2012,2,M,NA,3,2,4
886,MCS,156,,2012,4,M,FF,3,2,4
886,MCS,205,,2012,4,M,NA,3,0,3
886,CENG,114,,2012,4,M,NA,3,2,4
886,ECE,124,,2012,4,M,FF,2,2,3
886,CENG,300,,2012,5,M,U,0,0,0
886,MCS,156,,2012,6,M,FF,3,2,4
886,CENG,114,,2012,6,M,NA,3,2,4
886,MCS,156,,2013,2,M,FF,3,2,4
886,MCS,205,,2013,2,M,DC,3,0,3
886,MCS,258,,2013,2,M,FF,2,2,3
886,PHYS,132,,2013,2,M,NA,3,2,4
886,MCS,156,,2013,4,M,FF,3,2,4
886,MCS,205,,2013,4,M,FD,3,0,3
886,MCS,156,,2014,2,M,FF,3,2,4
886,MCS,205,,2014,2,M,DC,3,0,3
886,CENG,277,,2014,2,M,FF,3,0,3
886,MCS,156,,2014,4,M,NA,3,2,4
886,MCS,258,,2014,4,M,NA,2,2,3
886,PHYS,132,,2014,4,M,NA,3,2,4
921,CENG,111,,2010,1,M,DC,2,2,3
921,CENG,191,,2010,1,M,DD,3,0,3
921,ENG,105,,2010,1,M,DD,0,6,3
921,ESR,101,,2010,1,M,BB,1,0,1
921,MCS,155,,2010,1,M,FF,3,2,4
921,PHYS,111,,2010,1,M,FF,3,2,4
921,TURK,101,,2010,1,M,DC,2,0,2
921,CENG,114,,2010,3,M,FD,2,2,3
921,ECE,124,,2010,3,M,FF,2,2,3
921,ENG,106,,2010,3,M,NA,0,6,3
921,MCS,155,,2010,3,M,FD,3,2,4
921,PHYS,112,,2010,3,M,FF,3,2,4
921,TURK,102,,2010,3,M,FD,2,0,2
921,CENG,114,,2010,5,M,DD,2,2,3
921,ENG,106,,2010,5,M,BB,0,6,3
921,MCS,155,,2010,5,M,CC,3,2,4
921,CENG,241,,2011,1,M,FD,2,2,3
921,CENG,277,,2011,1,M,FD,3,0,3
921,ECE,281,,2011,1,M,FD,2,2,3
921,ENG,205,,2011,1,M,DC,0,4,2
921,HIST,201,,2011,1,M,CB,2,0,2
921,MCS,205,,2011,1,M,FD,3,0,3
921,PES,244,,2011,1,E,BB,3,0,3
921,MCS,156,,2011,5,M,FF,3,2,4
921,PHYS,111,,2011,5,M,FF,3,2,4
928,CENG,111,,2010,1,M,DC,2,2,3
928,CENG,191,,2010,1,M,CB,3,0,3
928,ENG,105,,2010,1,M,BB,0,6,3
928,ESR,101,,2010,1,M,BA,1,0,1
928,MCS,155,,2010,1,M,CC,3,2,4
928,PHYS,111,,2010,1,M,BB,3,2,4
928,TURK,101,,2010,1,M,CC,2,0,2
928,ALM,101,,2010,3,E,AA,3,0,3
928,CENG,114,,2010,3,M,DD,2,2,3
928,ECE,124,,2010,3,M,FD,2,2,3
928,MCS,156,,2010,3,M,DC,3,2,4
928,PHYS,112,,2010,3,M,BB,3,2,4
928,SPAN,101,,2010,3,E,BA,3,0,3
936,CENG,111,,2010,1,M,FF,2,2,3
936,CENG,191,,2010,1,M,DD,3,0,3
936,ENG,105,,2010,1,M,FD,0,6,3
936,ESR,101,,2010,1,M,DC,1,0,1
936,MCS,155,,2010,1,M,FF,3,2,4
936,PHYS,111,,2010,1,M,FD,3,2,4
936,TURK,101,,2010,1,M,CC,2,0,2
936,CENG,114,,2010,3,M,FD,2,2,3
936,ECE,124,,2010,3,M,FD,2,2,3
936,ENG,105,,2010,3,M,DD,0,6,3
936,MCS,155,,2010,3,M,FD,3,2,4
936,PHYS,112,,2010,3,M,FF,3,2,4
936,TURK,102,,2010,3,M,DC,2,0,2
936,CENG,114,,2010,5,M,DD,2,2,3
936,ENG,106,,2010,5,M,CB,0,6,3
936,PHYS,111,,2010,5,M,DD,3,2,4
945,ENG,105,,2010,0,M,BB,0,6,3
945,ENG,106,,2010,0,M,BB,0,6,3
947,CENG,111,,2010,1,M,DD,2,2,3
947,CENG,191,,2010,1,M,CC,3,0,3
947,ENG,105,,2010,1,M,BB,0,6,3
947,ESR,101,,2010,1,M,BB,1,0,1
947,MCS,155,,2010,1,M,FD,3,2,4
947,PHYS,111,,2010,1,M,DD,3,2,4
947,TURK,101,,2010,1,M,BB,2,0,2
947,CENG,114,,2010,3,M,DD,2,2,3
947,ECE,124,,2010,3,M,DD,2,2,3
947,ENG,106,,2010,3,M,CB,0,6,3
947,MCS,155,,2010,3,M,CB,3,2,4
947,PHYS,112,,2010,3,M,CC,3,2,4
947,TURK,102,,2010,3,M,CB,2,0,2
947,CENG,241,,2011,1,M,FD,2,2,3
947,CENG,277,,2011,1,M,DC,3,0,3
947,ECE,281,,2011,1,M,DD,2,2,3
947,ENG,205,,2011,1,M,BB,0,4,2
947,HIST,201,,2011,1,M,CC,2,0,2
947,MCS,205,,2011,1,M,DC,3,0,3
947,PES,235,,2012,1,E,AA,3,0,3
947,PES,334,,2012,1,E,BA,3,0,3
947,ITAL,101,,2012,1,E,CB,3,0,3
947,CENG,331,,2012,1,M,DD,2,2,3
947,CENG,351,,2012,1,M,FD,2,2,3
947,RPW,305,,2012,1,M,W,0,2,1
947,CENG,272,,2012,3,M,DD,3,0,3
947,MCS,156,,2012,3,M,DD,3,2,4
947,MCS,258,,2012,3,M,FD,2,2,3
947,CENG,218,,2012,3,M,NA,3,2,4
947,CENG,222,,2012,3,M,DD,2,2,3
947,CENG,292,,2012,3,M,DD,3,2,4
947,ACS,206,,2012,3,M,BB,0,4,2
947,RPW,306,,2012,3,M,DC,0,2,1
947,MCS,258,,2012,5,M,CC,2,2,3
947,CENG,218,,2012,5,M,FF,3,2,4
948,ENG,105,,2010,0,M,AA,0,6,3
948,ENG,106,,2010,0,M,AA,0,6,3
958,CENG,111,,2010,1,M,FF,2,2,3
958,CENG,191,,2010,1,M,FF,3,0,3
958,ENG,105,,2010,1,M,FF,0,6,3
958,ESR,101,,2010,1,M,CC,1,0,1
958,MCS,155,,2010,1,M,FD,3,2,4
958,PHYS,111,,2010,1,M,FF,3,2,4
958,TURK,101,,2010,1,M,FF,2,0,2
958,CENG,114,,2010,3,M,FF,2,2,3
958,ECE,124,,2010,3,M,FF,2,2,3
958,ENG,105,,2010,3,M,DC,0,6,3
958,MCS,156,,2010,3,M,FD,3,2,4
958,PHYS,112,,2010,3,M,FF,3,2,4
958,TURK,102,,2010,3,M,FD,2,0,2
958,MCS,155,,2010,5,M,DC,3,2,4
958,PHYS,111,,2010,5,M,CB,3,2,4
958,PHYS,112,,2010,5,M,CB,3,2,4
958,CENG,111,,2011,1,M,FF,2,2,3
958,CENG,191,,2011,1,M,DC,3,0,3
958,ENG,106,,2011,1,M,DD,0,6,3
958,HIST,201,,2011,1,M,CB,2,0,2
958,MCS,205,,2011,1,M,FF,3,0,3
958,TURK,101,,2011,1,M,CB,2,0,2
958,RUS,101,,2011,1,E,BB,3,0,3
958,CENG,114,,2011,3,M,FF,2,2,3
958,ECE,124,,2011,3,M,DD,2,2,3
958,HIST,202,,2011,3,M,DC,2,0,2
958,MCS,156,,2011,3,M,FF,3,2,4
958,MCS,205,,2011,3,M,FF,3,0,3
958,TURK,102,,2011,3,M,DD,2,0,2
958,ECE,281,,2011,5,M,CC,2,2,3
958,MCS,156,,2011,5,M,FD,3,2,4
958,MCS,205,,2011,5,M,DD,3,0,3
958,MCS,155,,2012,2,M,FD,3,2,4
958,MCS,156,,2012,2,M,FF,3,2,4
958,CENG,111,,2012,2,M,FF,3,2,4
958,ACS,106,,2012,2,M,DC,0,6,3
963,ENG,105,,2010,0,M,BA,0,6,3
963,ENG,106,,2010,0,M,BA,0,6,3
963,CENG,111,,2010,1,M,AA,2,2,3
963,CENG,191,,2010,1,M,AA,3,0,3
963,ESR,101,,2010,1,M,BB,1,0,1
963,MCS,155,,2010,1,M,AA,3,2,4
963,PHYS,111,,2010,1,M,AA,3,2,4
963,TURK,101,,2010,1,M,BB,2,0,2
963,CENG,114,,2010,3,M,AA,2,2,3
963,CENG,292,,2010,3,M,AA,2,2,3
963,ECE,124,,2010,3,M,AA,2,2,3
963,MCS,156,,2010,3,M,AA,3,2,4
963,PHYS,112,,2010,3,M,AA,3,2,4
963,TURK,102,,2010,3,M,AA,2,0,2
1017,ENG,105,,2010,0,M,BB,0,6,3
1017,ENG,106,,2010,0,M,BB,0,6,3
1017,CENG,111,,2010,1,M,FF,2,2,3
1017,CENG,191,,2010,1,M,FF,3,0,3
1017,ESR,101,,2010,1,M,FF,1,0,1
1017,MCS,155,,2010,1,M,FF,3,2,4
1017,PHYS,111,,2010,1,M,FF,3,2,4
1017,TURK,101,,2010,1,M,FF,2,0,2
1017,CENG,114,,2010,3,M,NA,2,2,3
1017,ECE,124,,2010,3,M,FF,2,2,3
1017,MCS,155,,2010,3,M,FF,3,2,4
1017,PES,235,,2010,3,E,BB,3,0,3
1017,PHYS,112,,2010,3,M,FF,3,2,4
1017,TURK,102,,2010,3,M,FF,2,0,2
1017,CENG,111,,2011,1,M,FF,2,2,3
1017,CENG,191,,2011,1,M,CC,3,0,3
1017,ESR,101,,2011,1,M,FF,1,0,1
1017,MCS,155,,2011,1,M,FF,3,2,4
1017,PHYS,111,,2011,1,M,FF,3,2,4
1017,TURK,101,,2011,1,M,DC,2,0,2
1017,CENG,114,,2011,4,M,FF,2,2,3
1017,ECE,124,,2011,4,M,FF,2,2,3
1017,MCS,155,,2011,4,M,FF,3,2,4
1017,PHYS,111,,2011,4,M,FD,3,2,4
1017,TURK,102,,2011,4,M,FF,2,0,2
1017,MCS,155,,2011,6,M,FF,3,2,4
1017,MCS,155,,2012,2,M,FF,3,2,4
1017,PHYS,111,,2012,2,M,NA,3,2,4
1017,TURK,101,,2012,2,M,FF,2,0,2
1017,CENG,111,,2012,2,M,NA,3,2,4
1018,ENG,105,,2011,0,M,BB,0,6,3
1018,CENG,111,,2011,1,M,FF,2,2,3
1018,CENG,191,,2011,1,M,DD,3,0,3
1018,ENG,106,,2011,1,M,FF,0,6,3
1018,ESR,101,,2011,1,M,DC,1,0,1
1018,MCS,155,,2011,1,M,FF,3,2,4
1018,PHYS,111,,2011,1,M,FF,3,2,4
1018,TURK,101,,2011,1,M,CC,2,0,2
1018,CENG,114,,2011,3,M,FF,2,2,3
1018,ECE,124,,2011,3,M,FF,2,2,3
1018,ENG,106,,2011,3,M,NA,0,6,3
1018,MCS,155,,2011,3,M,FF,3,2,4
1018,PHYS,111,,2011,3,M,DD,3,2,4
1018,TURK,102,,2011,3,M,FF,2,0,2
1018,MCS,155,,2011,5,M,FF,3,2,4
1018,PHYS,112,,2011,5,M,FD,3,2,4
1018,HIST,201,,2012,1,M,DD,2,0,2
1018,MCS,155,,2012,1,M,FF,3,2,4
1018,PES,250,,2012,1,E,AA,3,0,3
1018,PHYS,112,,2012,1,M,NA,3,2,4
1018,CENG,111,,2012,1,M,FF,3,2,4
1018,ACS,106,,2012,1,M,NA,0,6,3
1018,ESR,101,,2012,4,M,BB,1,0,1
1018,TURK,102,,2012,4,M,FF,2,0,2
1018,ECE,124,,2012,4,M,FF,2,2,3
1018,ACS,106,,2012,4,M,NA,0,6,3
1018,PHYS,131,,2012,4,M,NA,3,2,4
1021,CENG,111,,2011,1,M,FF,2,2,3
1021,CENG,191,,2011,1,M,NA,3,0,3
1021,ESR,101,,2011,1,M,NA,1,0,1
1021,MCS,155,,2011,1,M,FF,3,2,4
1021,PHYS,111,,2011,1,M,NA,3,2,4
1021,TURK,101,,2011,1,M,FF,2,0,2
1021,ENG,111,,2011,1,M,NA,0,6,3
1021,CENG,222,,2011,3,M,FF,2,2,3
1021,ECE,124,,2011,3,M,FF,2,2,3
1021,MCS,155,,2011,3,M,FF,3,2,4
1021,PHYS,111,,2011,3,M,FF,3,2,4
1021,TURK,102,,2011,3,M,FF,2,0,2
1021,ENG,111,,2011,3,M,NA,0,6,3
1021,MCS,155,,2011,5,M,FF,3,2,4
1021,PHYS,111,,2011,5,M,FF,3,2,4
1021,ENG,111,,2011,5,M,NA,0,6,3
1021,ESR,101,,2012,1,M,NA,1,0,1
1021,MCS,155,,2012,1,M,FF,3,2,4
1021,PHYS,111,,2012,1,M,NA,3,2,4
1021,TURK,101,,2012,1,M,NA,2,0,2
1021,CENG,111,,2012,1,M,NA,3,2,4
1021,COMS,111,,2012,1,M,NA,0,6,3
1028,ESR,101,,2012,1,M,BA,1,0,1
1028,MCS,155,,2012,1,M,FD,3,2,4
1028,PHYS,111,,2012,1,M,DD,3,2,4
1028,TURK,101,,2012,1,M,CC,2,0,2
1028,CENG,111,,2012,1,M,DD,3,2,4
1028,CENG,191,,2012,1,M,CB,2,2,3
1028,ACS,205,,2012,1,M,CC,0,4,2
1028,MCS,155,,2012,3,M,FD,3,2,4
1028,TURK,102,,2012,3,M,CB,2,0,2
1028,CENG,114,,2012,3,M,FD,3,2,4
1028,ECE,124,,2012,3,M,FF,2,2,3
1028,ACS,206,,2012,3,M,DD,0,4,2
1028,PHYS,132,,2012,3,M,FF,3,2,4
1028,MCS,155,,2012,5,M,FF,3,2,4
1028,CENG,114,,2012,5,M,CC,3,2,4
1028,CENG,277,,2013,1,M,FD,3,0,3
1028,HIST,201,,2013,1,M,DC,2,0,2
1028,MCS,155,,2013,1,M,FD,3,2,4
1028,MCS,205,,2013,1,M,FD,3,0,3
1028,ECE,281,,2013,1,M,FF,2,2,3
1028,CENG,241,,2013,1,M,FF,3,2,4
1028,MCS,155,,2013,4,M,DD,3,2,4
1028,MCS,205,,2013,4,M,FF,3,0,3
1028,ECE,124,,2013,4,M,DD,2,2,3
1028,PHYS,132,,2013,4,M,NA,3,2,4
1028,HIST,201,,2013,6,M,CC,2,0,2
1028,MCS,155,,2013,6,M,FD,3,2,4
1028,PHYS,132,,2013,6,M,FD,3,2,4
1032,ESR,101,,2012,1,M,BA,1,0,1
1032,MCS,155,,2012,1,M,CB,3,2,4
1032,PHYS,111,,2012,1,M,BB,3,2,4
1032,TURK,101,,2012,1,M,AA,2,0,2
1032,CENG,111,,2012,1,M,BA,3,2,4
1032,CENG,191,,2012,1,M,AA,2,2,3
1032,ACS,205,,2012,1,M,AA,0,4,2
1032,MCS,156,,2012,3,M,BA,3,2,4
1032,TURK,102,,2012,3,M,AA,2,0,2
1032,CENG,114,,2012,3,M,BB,3,2,4
1032,ECE,124,,2012,3,M,CB,2,2,3
1032,ACS,206,,2012,3,M,BB,0,4,2
1032,PHYS,132,,2012,3,M,BA,3,2,4
1040,ESR,101,,2012,1,M,BB,1,0,1
1040,MCS,155,,2012,1,M,FF,3,2,4
1040,PHYS,111,,2012,1,M,NA,3,2,4
1040,TURK,101,,2012,1,M,DC,2,0,2
1040,CENG,111,,2012,1,M,FF,3,2,4
1040,CENG,191,,2012,1,M,FF,2,2,3
1040,ACS,205,,2012,1,M,NA,0,4,2
1040,MCS,155,,2012,3,M,FF,3,2,4
1040,TURK,102,,2012,3,M,DC,2,0,2
1040,CENG,114,,2012,3,M,NA,3,2,4
1040,ECE,124,,2012,3,M,NA,2,2,3
1040,ACS,205,,2012,3,M,NA,0,4,2
1040,PHYS,131,,2012,3,M,NA,3,2,4
1040,HIST,201,,2013,1,M,FD,2,0,2
1040,MCS,155,,2013,1,M,FF,3,2,4
1040,CENG,111,,2013,1,M,FD,3,2,4
1040,CENG,191,,2013,1,M,FD,2,2,3
1040,ACS,205,,2013,1,M,NA,0,4,2
1040,PHYS,131,,2013,1,M,NA,3,2,4
1040,MCS,155,,2013,4,M,FF,3,2,4
1040,TURK,102,,2013,4,M,FF,2,0,2
1040,CENG,111,,2013,4,M,FF,3,2,4
1040,ECE,124,,2013,4,M,FD,2,2,3
1040,PHYS,131,,2013,4,M,FF,3,2,4
1102,ESR,101,,2012,1,M,NA,1,0,1
1102,MCS,155,,2012,1,M,FF,3,2,4
1102,PHYS,111,,2012,1,M,NA,3,2,4
1102,TURK,101,,2012,1,M,NA,2,0,2
1102,CENG,111,,2012,1,M,NA,3,2,4
1102,CENG,191,,2012,1,M,NA,2,2,3
1102,ACS,205,,2012,1,M,NA,0,4,2
1113,ESR,101,,2013,1,M,FF,1,0,1
1113,MCS,155,,2013,1,M,FF,3,2,4
1113,TURK,101,,2013,1,M,FF,2,0,2
1113,CENG,111,,2013,1,M,NA,3,2,4
1113,CENG,191,,2013,1,M,NA,2,2,3
1113,ACS,205,,2013,1,M,NA,0,4,2
1113,PHYS,131,,2013,1,M,NA,3,2,4
1126,ESR,101,,2012,1,M,BB,1,0,1
1126,MCS,155,,2012,1,M,FD,3,2,4
1126,PHYS,111,,2012,1,M,FD,3,2,4
1126,TURK,101,,2012,1,M,CC,2,0,2
1126,CENG,111,,2012,1,M,CB,3,2,4
1126,CENG,191,,2012,1,M,BB,2,2,3
1126,ACS,205,,2012,1,M,AA,0,4,2
1126,MCS,155,,2012,3,M,CB,3,2,4
1126,TURK,102,,2012,3,M,CC,2,0,2
1126,CENG,114,,2012,3,M,CB,3,2,4
1126,ECE,124,,2012,3,M,DD,2,2,3
1126,ACS,206,,2012,3,M,AA,0,4,2
1126,PHYS,131,,2012,3,M,BA,3,2,4
1135,ESR,101,,2013,1,M,NA,1,0,1
1135,MCS,155,,2013,1,M,FF,3,2,4
1135,TURK,101,,2013,1,M,FF,2,0,2
1135,CENG,111,,2013,1,M,NA,3,2,4
1135,CENG,191,,2013,1,M,NA,2,2,3
1135,ACS,205,,2013,1,M,NA,0,4,2
1135,PHYS,131,,2013,1,M,NA,3,2,4
1135,ESR,101,,2013,3,M,NA,1,0,1
1135,MCS,155,,2013,3,M,FF,3,2,4
1135,CENG,111,,2013,3,M,NA,3,2,4
1135,ECE,124,,2013,3,M,NA,2,2,3
1135,ACS,206,,2013,3,M,NA,0,4,2
1135,PHYS,131,,2013,3,M,NA,3,2,4
1135,MCS,155,,2014,1,M,FF,3,2,4
1135,TURK,101,,2014,1,M,FF,2,0,2
1135,CENG,111,,2014,1,M,NA,3,2,4
1135,CENG,191,,2014,1,M,NA,2,2,3
1135,ACS,205,,2014,1,M,NA,0,4,2
1135,PHYS,131,,2014,1,M,NA,3,2,4
1135,MCS,155,,2014,4,M,NA,3,2,4
1135,CENG,111,,2014,4,M,NA,3,2,4
1135,ECE,124,,2014,4,M,NA,2,2,3
1135,PHYS,131,,2014,4,M,NA,3,2,4
1140,ESR,101,,2013,1,M,BA,1,0,1
1140,MCS,155,,2013,1,M,FD,3,2,4
1140,TURK,101,,2013,1,M,CC,2,0,2
1140,CENG,111,,2013,1,M,CC,3,2,4
1140,CENG,191,,2013,1,M,DD,2,2,3
1140,ACS,205,,2013,1,M,CB,0,4,2
1140,PHYS,131,,2013,1,M,CB,3,2,4
1140,MCS,155,,2013,3,M,CC,3,2,4
1140,TURK,102,,2013,3,M,CC,2,0,2
1140,CENG,114,,2013,3,M,DD,3,2,4
1140,ECE,124,,2013,3,M,DC,2,2,3
1140,ACS,206,,2013,3,M,CC,0,4,2
1140,PHYS,132,,2013,3,M,FD,3,2,4
1140,HIST,201,,2014,1,M,BB,2,0,2
1140,MCS,205,,2014,1,M,FD,3,0,3
1140,BIO,101,,2014,1,M,CB,3,0,3
1140,ECE,281,,2014,1,M,DD,2,2,3
1140,CENG,241,,2014,1,M,FD,3,2,4
1140,CENG,277,,2014,1,M,FD,3,0,3
1140,RPW,305,,2014,1,M,DD,0,2,1
1140,MCS,205,,2014,4,M,DC,3,0,3
1140,ECE,124,,2014,4,M,CC,2,2,3
1140,PHYS,132,,2014,4,M,FD,3,2,4
1141,ESR,101,,2013,1,M,BA,1,0,1
1141,MCS,155,,2013,1,M,DD,3,2,4
1141,TURK,101,,2013,1,M,DC,2,0,2
1141,CENG,111,,2013,1,M,DC,3,2,4
1141,CENG,191,,2013,1,M,FD,2,2,3
1141,ACS,205,,2013,1,M,FF,0,4,2
1141,PHYS,131,,2013,1,M,FF,3,2,4
1141,MCS,156,,2013,3,M,FD,3,2,4
1141,TURK,102,,2013,3,M,CC,2,0,2
1141,CENG,114,,2013,3,M,FF,3,2,4
1141,ECE,124,,2013,3,M,CC,2,2,3
1141,ACS,206,,2013,3,M,NA,0,4,2
1141,PHYS,131,,2013,3,M,DC,3,2,4
1141,MCS,155,,2013,5,M,BB,3,2,4
1141,MCS,156,,2013,5,M,BB,3,2,4
1141,PHYS,132,,2013,5,M,FF,3,2,4
1147,ESR,101,,2013,1,M,BA,1,0,1
1147,MCS,155,,2013,1,M,FD,3,2,4
1147,TURK,101,,2013,1,M,DC,2,0,2
1147,CENG,111,,2013,1,M,FD,3,2,4
1147,CENG,191,,2013,1,M,DC,2,2,3
1147,ACS,205,,2013,1,M,DD,0,4,2
1147,PHYS,131,,2013,1,M,FF,3,2,4
1147,MCS,155,,2013,3,M,CC,3,2,4
1147,TURK,102,,2013,3,M,DC,2,0,2
1147,CENG,111,,2013,3,M,CB,3,2,4
1147,ECE,124,,2013,3,M,CC,2,2,3
1147,ACS,206,,2013,3,M,FD,0,4,2
1147,PHYS,131,,2013,3,M,FF,3,2,4
1147,HIST,201,,2014,1,M,CB,2,0,2
1147,MCS,156,,2014,1,M,FF,3,2,4
1147,BIO,101,,2014,1,M,CC,3,0,3
1147,CENG,114,,2014,1,M,NA,3,2,4
1147,PHYS,131,,2014,1,M,NA,3,2,4
1147,RPW,305,,2014,1,M,NA,0,2,1
1147,MCS,156,,2014,4,M,FD,3,2,4
1147,TURK,101,,2014,4,M,FF,2,0,2
1147,CENG,114,,2014,4,M,DC,3,2,4
1147,ACS,206,,2014,4,M,FF,0,4,2
1147,PHYS,131,,2014,4,M,FF,3,2,4
1197,ESR,101,,2014,1,M,FD,1,0,1
1197,MCS,155,,2014,1,M,FF,3,2,4
1197,TURK,101,,2014,1,M,FF,2,0,2
1197,CENG,111,,2014,1,M,NA,3,2,4
1197,CENG,191,,2014,1,M,NA,2,2,3
1197,ACS,205,,2014,1,M,FF,0,4,2
1197,PHYS,131,,2014,1,M,NA,3,2,4
1206,ESR,101,,2013,1,M,NA,1,0,1
1206,MCS,155,,2013,1,M,FF,3,2,4
1206,TURK,101,,2013,1,M,FF,2,0,2
1206,CENG,111,,2013,1,M,NA,3,2,4
1206,CENG,191,,2013,1,M,NA,2,2,3
1206,ACS,205,,2013,1,M,NA,0,4,2
1206,PHYS,131,,2013,1,M,NA,3,2,4
1220,ESR,101,,2014,1,M,NA,1,0,1
1220,MCS,155,,2014,1,M,FF,3,2,4
1220,TURK,101,,2014,1,M,FF,2,0,2
1220,CENG,111,,2014,1,M,NA,3,2,4
1220,CENG,191,,2014,1,M,FF,2,2,3
1220,ACS,205,,2014,1,M,NA,0,4,2
1220,PHYS,131,,2014,1,M,NA,3,2,4
1236,HIST,202,,2013,5,M,CC,2,0,2
1237,ACS,205,,2014,0,M,AA,0,4,2
1237,ACS,206,,2014,0,M,BA,0,4,2
1237,ESR,101,,2014,3,M,AA,1,0,1
1237,HIST,201,,2014,3,M,CB,2,0,2
1237,MCS,155,,2014,3,M,AA,3,2,4
1237,TURK,101,,2014,3,M,BB,2,0,2
1237,CENG,111,,2014,3,M,NA,3,2,4
1237,PHYS,131,,2014,3,M,AA,3,2,4
1314,CENG,492,,2014,0,E,DD,3,0,3
1314,HIST,201,,2014,0,M,S,2,0,2
1314,HIST,202,,2014,0,M,S,2,0,2
1314,MCS,155,,2014,0,M,DC,3,2,4
1314,TURK,101,,2014,0,M,S,2,0,2
1314,TURK,102,,2014,0,M,S,2,0,2
1314,THEA,272,,2014,0,E,BA,3,0,3
1314,CENG,356,,2014,0,M,S,2,2,3
1314,INAR,111,,2014,0,E,AA,2,2,3
1314,CENG,111,,2014,0,M,S,3,2,4
1314,CENG,191,,2014,0,M,S,2,2,3
1314,CENG,241,,2014,0,M,BB,3,2,4
1314,CENG,290,,2014,0,M,AA,2,2,3
1314,CENG,393,,2014,0,M,S,2,2,3
1314,CENG,493,,2014,0,M,AA,3,2,4
1314,ESR,101,,2014,1,M,NA,1,0,1
1314,MCS,205,,2014,1,M,NA,3,0,3
1314,CENG,375,,2014,1,M,FF,2,2,3
1314,ECE,281,,2014,1,M,FD,2,2,3
1314,RTW,405,,2014,1,M,NA,0,2,1
1314,PHYS,131,,2014,1,M,NA,3,2,4
1314,CENG,277,,2014,1,M,FF,3,0,3
1314,RPW,305,,2014,1,M,NA,0,2,1
1314,ESR,101,,2014,3,M,NA,1,0,1
1314,MCS,156,,2014,3,M,NA,3,2,4
1314,MCS,205,,2014,3,M,NA,3,0,3
1314,CENG,114,,2014,3,M,NA,3,2,4
1314,PHYS,131,,2014,3,M,NA,3,2,4
1314,PHYS,132,,2014,3,M,NA,3,2,4
1319,HIST,202,,2014,5,M,NA,2,0,2
1320,CENG,218,,2014,5,M,DD,3,2,4
